symbol,base,target,contract_type,last,funding_rate,open_interest_usd,h24_volume,trade_url
1000000BOBUSDT,1000000BOB,USDT,perpetual,0.066,0.011,1503985.3732748,40117568.0,https://www.binance.com/en/futures/1000000BOBUSDT
1000000MOGUSDT,1000000MOG,USDT,perpetual,1.027,0.005,5424637.744890001,11880998.7,https://www.binance.com/en/futures/1000000MOGUSDT
1000BONKUSDC,1000BONK,USDC,perpetual,0.021,0.005,2011741.77225644,837725251.0,https://www.binance.com/en/futures/1000BONKUSDC
1000BONKUSDT,1000BONK,USDT,perpetual,0.021,0.005,59588543.41893068,7149769137.0,https://www.binance.com/en/futures/1000BONKUSDT
1000CATUSDT,1000CAT,USDT,perpetual,0.008,0.005,4403900.1638751,3833857646.0,https://www.binance.com/en/futures/1000CATUSDT
1000CHEEMSUSDT,1000CHEEMS,USDT,perpetual,0.001,0.005,15225504.895807019,1430079531.0,https://www.binance.com/en/futures/1000CHEEMSUSDT
1000FLOKIUSDT,1000FLOKI,USDT,perpetual,0.1,0.001,16564771.12676875,443311925.0,https://www.binance.com/en/futures/1000FLOKIUSDT
1000LUNCUSDT,1000LUNC,USDT,perpetual,0.059,0.01,4791219.0890544,88214324.0,https://www.binance.com/en/futures/1000LUNCUSDT
1000PEPEUSDC,1000PEPE,USDC,perpetual,0.01,0.01,8172778.26464652,2438447390.0,https://www.binance.com/en/futures/1000PEPEUSDC
1000PEPEUSDT,1000PEPE,USDT,perpetual,0.01,0.01,217790289.6188239,53829756207.0,https://www.binance.com/en/futures/1000PEPEUSDT
1000RATSUSDT,1000RATS,USDT,perpetual,0.017,0.005,5178799.13952318,204077956.0,https://www.binance.com/en/futures/1000RATSUSDT
1000SATSUSDT,1000SATS,USDT,perpetual,0.0,0.005,5892610.7135826,775947570150.0,https://www.binance.com/en/futures/1000SATSUSDT
1000SHIBUSDC,1000SHIB,USDC,perpetual,0.012,0.007,1864286.5311993,334765964.0,https://www.binance.com/en/futures/1000SHIBUSDC
1000SHIBUSDT,1000SHIB,USDT,perpetual,0.012,0.01,55780521.28013529,7145784231.0,https://www.binance.com/en/futures/1000SHIBUSDT
1000WHYUSDT,1000WHY,USDT,perpetual,0.0,0.009,2895442.59387556,39408328854.0,https://www.binance.com/en/futures/1000WHYUSDT
1000XUSDT,1000X,USDT,perpetual,0.053,0.005,1615480.3880999999,32116183.0,https://www.binance.com/en/futures/1000XUSDT
1000XECUSDT,1000XEC,USDT,perpetual,0.02,0.01,1855830.54673896,86527350.0,https://www.binance.com/en/futures/1000XECUSDT
1INCHUSDT,1INCH,USDT,perpetual,0.248,0.01,6402116.99471916,37656941.0,https://www.binance.com/en/futures/1INCHUSDT
1MBABYDOGEUSDT,1MBABYDOGE,USDT,perpetual,0.001,-0.002,4808218.53820464,5244830927.0,https://www.binance.com/en/futures/1MBABYDOGEUSDT
AUSDT,A,USDT,perpetual,0.489,-0.008,10163431.09142018,15683191.0,https://www.binance.com/en/futures/AUSDT
A2ZUSDT,A2Z,USDT,perpetual,0.005,0.005,3922046.9340878,2061344743.0,https://www.binance.com/en/futures/A2ZUSDT
AAVEUSD_PERP,AAVE,USD,perpetual,299.69,0.006,197614986.62,40758.81616927,https://www.binance.com/en/futures/AAVEUSD_PERP
AAVEUSDC,AAVE,USDC,perpetual,298.79,0.01,4443966.4050064795,33028.6,https://www.binance.com/en/futures/AAVEUSDC
AAVEUSDT,AAVE,USDT,perpetual,299.79,0.01,119996640.943247,863669.2,https://www.binance.com/en/futures/AAVEUSDT
ACEUSDT,ACE,USDT,perpetual,0.532,0.005,2437780.31539118,2772686.81,https://www.binance.com/en/futures/ACEUSDT
ACHUSDT,ACH,USDT,perpetual,0.021,0.006,6581241.65221885,840300425.0,https://www.binance.com/en/futures/ACHUSDT
ACTUSDT,ACT,USDT,perpetual,0.039,0.005,5210502.741992519,162290357.0,https://www.binance.com/en/futures/ACTUSDT
ACXUSDT,ACX,USDT,perpetual,0.171,0.005,2963207.4589692606,21229588.7,https://www.binance.com/en/futures/ACXUSDT
ADAUSD_250627,ADA,USD,futures,0.557,0.0,422630.0,164022.6637515,https://www.binance.com/en/futures/ADAUSD_250627
ADAUSD_250926,ADA,USD,futures,0.857,0.0,778290.0,291016.46938731,https://www.binance.com/en/futures/ADAUSD_250926
ADAUSD_PERP,ADA,USD,perpetual,0.851,0.01,46064310.0,75505072.00196,https://www.binance.com/en/futures/ADAUSD_PERP
ADAUSDC,ADA,USDC,perpetual,0.849,0.005,7373034.184735726,45574588.9,https://www.binance.com/en/futures/ADAUSDC
ADAUSDT,ADA,USDT,perpetual,0.851,0.01,259586087.7946978,898998186.0,https://www.binance.com/en/futures/ADAUSDT
AERGOUSDT,AERGO,USDT,perpetual,0.107,0.005,2089480.21851969,14225442.0,https://www.binance.com/en/futures/AERGOUSDT
AEROUSDT,AERO,USDT,perpetual,1.287,0.005,19744448.33294613,32205927.1,https://www.binance.com/en/futures/AEROUSDT
AEVOUSDT,AEVO,USDT,perpetual,0.092,0.004,4587462.426138448,75228464.3,https://www.binance.com/en/futures/AEVOUSDT
AGLDUSDT,AGLD,USDT,perpetual,0.674,0.002,2626644.5524968,4392897.0,https://www.binance.com/en/futures/AGLDUSDT
AGTUSDT,AGT,USDT,perpetual,0.005,0.005,7755997.157023921,2103149120.0,https://www.binance.com/en/futures/AGTUSDT
AIUSDT,AI,USDT,perpetual,0.117,0.005,3473616.44064851,31806116.0,https://www.binance.com/en/futures/AIUSDT
AI16ZUSDT,AI16Z,USDT,perpetual,0.114,0.005,11885897.418274,205551745.7,https://www.binance.com/en/futures/AI16ZUSDT
AINUSDT,AIN,USDT,perpetual,0.086,0.005,2857661.02064352,36035625.0,https://www.binance.com/en/futures/AINUSDT
AIOUSDT,AIO,USDT,perpetual,0.078,0.005,3683619.409423,399997732.0,https://www.binance.com/en/futures/AIOUSDT
AIOTUSDT,AIOT,USDT,perpetual,1.506,-0.589,20241147.17895342,86866070.0,https://www.binance.com/en/futures/AIOTUSDT
AIXBTUSDT,AIXBT,USDT,perpetual,0.107,0.005,8460059.80061277,163764895.0,https://www.binance.com/en/futures/AIXBTUSDT
AKTUSDT,AKT,USDT,perpetual,1.17,0.005,2856543.1976945843,2179534.8,https://www.binance.com/en/futures/AKTUSDT
ALCHUSDT,ALCH,USDT,perpetual,0.125,0.005,53905497.8207652,234313987.0,https://www.binance.com/en/futures/ALCHUSDT
ALGOUSD_PERP,ALGO,USD,perpetual,0.248,0.01,64811.824,14511716.40574696,https://www.binance.com/en/futures/ALGOUSD_PERP
ALGOUSDT,ALGO,USDT,perpetual,0.248,0.01,19473381.24010362,147052222.1,https://www.binance.com/en/futures/ALGOUSDT
ALICEUSDT,ALICE,USDT,perpetual,0.375,0.01,3188558.062669511,19456198.7,https://www.binance.com/en/futures/ALICEUSDT
ALPHAUSDT,ALPHA,USDT,perpetual,0.014,0.01,2768082.256335,152631572.0,https://www.binance.com/en/futures/ALPHAUSDT
ALPINEUSDT,ALPINE,USDT,perpetual,1.936,0.005,25492592.475956153,22695534.5,https://www.binance.com/en/futures/ALPINEUSDT
ALTUSDT,ALT,USDT,perpetual,0.034,0.005,8347594.12954168,263114126.0,https://www.binance.com/en/futures/ALTUSDT
ANIMEUSDT,ANIME,USDT,perpetual,0.016,-0.004,4784256.592825499,267566443.0,https://www.binance.com/en/futures/ANIMEUSDT
ANKRUSDT,ANKR,USDT,perpetual,0.015,0.01,3553495.74680482,204927537.0,https://www.binance.com/en/futures/ANKRUSDT
APEUSDT,APE,USDT,perpetual,0.59,0.01,18591189.54290532,25519021.0,https://www.binance.com/en/futures/APEUSDT
API3USDT,API3,USDT,perpetual,1.562,-0.015,37178464.7906823,534243627.5,https://www.binance.com/en/futures/API3USDT
APTUSD_PERP,APT,USD,perpetual,4.41,0.01,2942149.14,677460.42568858,https://www.binance.com/en/futures/APTUSD_PERP
APTUSDT,APT,USDT,perpetual,4.409,0.004,75418049.9330295,20193500.8,https://www.binance.com/en/futures/APTUSDT
ARUSDT,AR,USDT,perpetual,6.683,0.003,9716848.354328401,2022953.0,https://www.binance.com/en/futures/ARUSDT
ARBUSDC,ARB,USDC,perpetual,0.495,0.01,2980402.349888124,26318642.3,https://www.binance.com/en/futures/ARBUSDC
ARBUSDT,ARB,USDT,perpetual,0.497,0.01,78990575.23285006,533028625.2,https://www.binance.com/en/futures/ARBUSDT
ARCUSDT,ARC,USDT,perpetual,0.019,0.016,4121366.6746811997,241594948.0,https://www.binance.com/en/futures/ARCUSDT
ARKUSDT,ARK,USDT,perpetual,0.432,0.005,3220030.23735872,11553025.0,https://www.binance.com/en/futures/ARKUSDT
ARKMUSDT,ARKM,USDT,perpetual,0.509,0.01,11226608.0994657,35589631.0,https://www.binance.com/en/futures/ARKMUSDT
ARPAUSDT,ARPA,USDT,perpetual,0.022,0.007,2072443.41389436,191708178.0,https://www.binance.com/en/futures/ARPAUSDT
ASRUSDT,ASR,USDT,perpetual,3.402,-0.274,9352763.704418601,70649079.5,https://www.binance.com/en/futures/ASRUSDT
ASTRUSDT,ASTR,USDT,perpetual,0.024,0.01,3182593.874858559,154386241.0,https://www.binance.com/en/futures/ASTRUSDT
ATAUSDT,ATA,USDT,perpetual,0.047,0.01,2922140.28092042,175723621.0,https://www.binance.com/en/futures/ATAUSDT
ATHUSDT,ATH,USDT,perpetual,0.033,0.005,20116355.81617221,79550332.0,https://www.binance.com/en/futures/ATHUSDT
ATOMUSD_PERP,ATOM,USD,perpetual,4.423,0.002,1616177.469,888410.70950522,https://www.binance.com/en/futures/ATOMUSD_PERP
ATOMUSDT,ATOM,USDT,perpetual,4.425,0.0,33843353.66921197,9551291.83,https://www.binance.com/en/futures/ATOMUSDT
AUCTIONUSDT,AUCTION,USDT,perpetual,9.607,0.005,5769731.163634385,400471.6,https://www.binance.com/en/futures/AUCTIONUSDT
AVAUSDT,AVA,USDT,perpetual,0.557,-0.007,2812575.217341484,2753314.0,https://www.binance.com/en/futures/AVAUSDT
AVAAIUSDT,AVAAI,USDT,perpetual,0.028,0.005,3662093.8537348,199350823.0,https://www.binance.com/en/futures/AVAAIUSDT
AVAXUSD_PERP,AVAX,USD,perpetual,22.77,0.01,22279830.21,367244.3709841,https://www.binance.com/en/futures/AVAXUSD_PERP
AVAXUSDC,AVAX,USDC,perpetual,22.731,0.01,5112999.324443424,750316.28,https://www.binance.com/en/futures/AVAXUSDC
AVAXUSDT,AVAX,USDT,perpetual,22.777,0.01,157962436.1649734,15076164.0,https://www.binance.com/en/futures/AVAXUSDT
AWEUSDT,AWE,USDT,perpetual,0.05,0.005,1609209.53600235,68920070.0,https://www.binance.com/en/futures/AWEUSDT
AXLUSDT,AXL,USDT,perpetual,0.303,0.005,5834032.855259013,20724382.1,https://www.binance.com/en/futures/AXLUSDT
AXSUSD_PERP,AXS,USD,perpetual,2.275,0.01,183738.1,598198.41900502,https://www.binance.com/en/futures/AXSUSD_PERP
AXSUSDT,AXS,USDT,perpetual,2.273,0.003,8202608.898472381,4852637.0,https://www.binance.com/en/futures/AXSUSDT
BUSDT,B,USDT,perpetual,0.543,0.015,49956570.1951155,8159888.0,https://www.binance.com/en/futures/BUSDT
B2USDT,B2,USDT,perpetual,0.361,0.005,1887847.62621884,7451127.0,https://www.binance.com/en/futures/B2USDT
B3USDT,B3,USDT,perpetual,0.003,0.005,2352603.54609735,453771067.0,https://www.binance.com/en/futures/B3USDT
BABYUSDT,BABY,USDT,perpetual,0.05,0.005,5857966.69946624,132238235.0,https://www.binance.com/en/futures/BABYUSDT
BAKEUSDT,BAKE,USDT,perpetual,0.081,-0.004,3251740.723036379,57430856.0,https://www.binance.com/en/futures/BAKEUSDT
BANUSDT,BAN,USDT,perpetual,0.085,0.005,10623046.10899628,630293779.0,https://www.binance.com/en/futures/BANUSDT
BANANAUSDT,BANANA,USDT,perpetual,21.541,0.005,3279827.950461728,249914.8,https://www.binance.com/en/futures/BANANAUSDT
BANANAS31USDT,BANANAS31,USDT,perpetual,0.007,0.005,10735798.98020624,2217423493.0,https://www.binance.com/en/futures/BANANAS31USDT
BANDUSDT,BAND,USDT,perpetual,0.836,-0.042,6228405.49518264,107121051.1,https://www.binance.com/en/futures/BANDUSDT
BANKUSDT,BANK,USDT,perpetual,0.054,0.005,2504903.37061415,69271266.0,https://www.binance.com/en/futures/BANKUSDT
BATUSDT,BAT,USDT,perpetual,0.148,-0.002,3381941.495122512,24336973.5,https://www.binance.com/en/futures/BATUSDT
BBUSDT,BB,USDT,perpetual,0.126,-0.016,7542502.596671641,730657115.0,https://www.binance.com/en/futures/BBUSDT
BCHUSD_250627,BCH,USD,futures,499.76,0.0,551240.0,153.25859426,https://www.binance.com/en/futures/BCHUSD_250627
BCHUSD_250926,BCH,USD,futures,554.4,0.0,140100.0,25.17944042,https://www.binance.com/en/futures/BCHUSD_250926
BCHUSD_PERP,BCH,USD,perpetual,554.01,0.01,7428920.0,7381.33476915,https://www.binance.com/en/futures/BCHUSD_PERP
BCHUSDC,BCH,USDC,perpetual,552.72,0.01,3806748.870251405,10209.937,https://www.binance.com/en/futures/BCHUSDC
BCHUSDT,BCH,USDT,perpetual,553.92,0.01,229952875.5289986,173387.664,https://www.binance.com/en/futures/BCHUSDT
BDXNUSDT,BDXN,USDT,perpetual,0.039,0.005,1934790.5499846,49446978.0,https://www.binance.com/en/futures/BDXNUSDT
BEAMXUSDT,BEAMX,USDT,perpetual,0.007,0.005,4574165.20811852,655907183.0,https://www.binance.com/en/futures/BEAMXUSDT
BELUSDT,BEL,USDT,perpetual,0.25,0.01,3020870.43382569,13193438.0,https://www.binance.com/en/futures/BELUSDT
BERAUSDT,BERA,USDT,perpetual,2.2,-0.042,23538902.99319609,18488850.5,https://www.binance.com/en/futures/BERAUSDT
BICOUSDT,BICO,USDT,perpetual,0.104,0.01,1889921.057409569,23096738.0,https://www.binance.com/en/futures/BICOUSDT
BIDUSDT,BID,USDT,perpetual,0.07,0.005,1405934.27938804,65798016.0,https://www.binance.com/en/futures/BIDUSDT
BIGTIMEUSDT,BIGTIME,USDT,perpetual,0.053,0.005,3954462.75769674,66069703.0,https://www.binance.com/en/futures/BIGTIMEUSDT
BIOUSDT,BIO,USDT,perpetual,0.17,-0.024,48000521.406158604,3627751373.0,https://www.binance.com/en/futures/BIOUSDT
BLURUSDT,BLUR,USDT,perpetual,0.076,0.0,5066318.22250834,86478791.0,https://www.binance.com/en/futures/BLURUSDT
BMTUSDT,BMT,USDT,perpetual,0.071,0.005,2927606.5826502303,37229004.0,https://www.binance.com/en/futures/BMTUSDT
BNBUSD_250627,BNB,USD,futures,646.19,0.0,1336500.0,1029.46294594,https://www.binance.com/en/futures/BNBUSD_250627
BNBUSD_250926,BNB,USD,futures,839.26,0.0,2642440.0,1044.45445266,https://www.binance.com/en/futures/BNBUSD_250926
BNBUSD_251226,BNB,USD,futures,840.25,0.0,1528190.0,2569.96297371,https://www.binance.com/en/futures/BNBUSD_251226
BNBUSD_PERP,BNB,USD,perpetual,839.79,0.012,91583550.0,139967.25442206,https://www.binance.com/en/futures/BNBUSD_PERP
BNBUSDC,BNB,USDC,perpetual,839.9,0.003,39747379.11866139,177526.34,https://www.binance.com/en/futures/BNBUSDC
BNBUSDT,BNB,USDT,perpetual,839.75,0.0,560623047.8120066,1102091.41,https://www.binance.com/en/futures/BNBUSDT
BNTUSDT,BNT,USDT,perpetual,0.769,0.006,1924921.75410282,2145468.0,https://www.binance.com/en/futures/BNTUSDT
BOMEUSDC,BOME,USDC,perpetual,0.002,0.005,846185.8645510699,1796570139.0,https://www.binance.com/en/futures/BOMEUSDC
BOMEUSDT,BOME,USDT,perpetual,0.002,0.002,9599902.00334543,14634199848.0,https://www.binance.com/en/futures/BOMEUSDT
BRUSDT,BR,USDT,perpetual,0.05,-0.011,2314647.73497055,30400036.0,https://www.binance.com/en/futures/BRUSDT
BRETTUSDT,BRETT,USDT,perpetual,0.049,0.005,5744091.72577566,192384912.0,https://www.binance.com/en/futures/BRETTUSDT
BROCCOLI714USDT,BROCCOLI714,USDT,perpetual,0.025,0.005,2736143.9877127,98843272.0,https://www.binance.com/en/futures/BROCCOLI714USDT
BROCCOLIF3BUSDT,BROCCOLIF3B,USDT,perpetual,0.011,0.094,4417633.10770899,364164198.0,https://www.binance.com/en/futures/BROCCOLIF3BUSDT
BSVUSDT,BSV,USDT,perpetual,25.72,0.005,2324564.687320767,89860.2,https://www.binance.com/en/futures/BSVUSDT
BSWUSDT,BSW,USDT,perpetual,0.027,0.005,3343249.8200000003,114912991.0,https://www.binance.com/en/futures/BSWUSDT
BTCUSD_250627,BTC,USD,futures,107174.2,0.0,160729800.0,643.85111662,https://www.binance.com/en/futures/BTCUSD_250627
BTCUSD_250926,BTC,USD,futures,113020.2,0.0,248625900.0,243.39852195,https://www.binance.com/en/futures/BTCUSD_250926
BTCUSD_251226,BTC,USD,futures,115026.9,0.0,242424700.0,261.48478519,https://www.binance.com/en/futures/BTCUSD_251226
BTCUSD_PERP,BTC,USD,perpetual,112365.9,0.01,2964265700.0,13950.91303681,https://www.binance.com/en/futures/BTCUSD_PERP
BTCUSDC,BTC,USDC,perpetual,112383.8,0.01,898912095.9662327,21522.332,https://www.binance.com/en/futures/BTCUSDC
BTCUSDT,BTC,USDT,perpetual,112367.7,0.007,10067620583.51638,96391.468,https://www.binance.com/en/futures/BTCUSDT
BTCUSDT_250627,BTC,USDT,futures,107073.9,0.0,28164131.82339832,383.807,https://www.binance.com/en/futures/BTCUSDT_250627
BTCUSDT_250926,BTC,USDT,futures,113076.9,0.0,68510897.17334737,125.825,https://www.binance.com/en/futures/BTCUSDT_250926
BTCUSDT_251226,BTC,USDT,futures,115054.2,0.0,64813710.52658544,67.35,https://www.binance.com/en/futures/BTCUSDT_251226
BTCDOMUSDT,BTCDOM,USDT,perpetual,4059.0,0.016,25197454.12544175,3368.963,https://www.binance.com/en/futures/BTCDOMUSDT
BULLAUSDT,BULLA,USDT,perpetual,0.073,0.06,2595195.0483149597,25705002.0,https://www.binance.com/en/futures/BULLAUSDT
CUSDT,C,USDT,perpetual,0.201,0.005,5866877.72519322,100567123.0,https://www.binance.com/en/futures/CUSDT
C98USDT,C98,USDT,perpetual,0.051,0.01,3303445.44477447,140506106.0,https://www.binance.com/en/futures/C98USDT
CAKEUSDT,CAKE,USDT,perpetual,2.623,0.005,15841544.63437505,10799732.0,https://www.binance.com/en/futures/CAKEUSDT
CARVUSDT,CARV,USDT,perpetual,0.317,0.005,4196913.86129703,15670511.0,https://www.binance.com/en/futures/CARVUSDT
CATIUSDT,CATI,USDT,perpetual,0.086,-0.022,1931312.35742136,30350866.0,https://www.binance.com/en/futures/CATIUSDT
CELOUSDT,CELO,USDT,perpetual,0.317,0.01,5416403.080584375,77569180.9,https://www.binance.com/en/futures/CELOUSDT
CELRUSDT,CELR,USDT,perpetual,0.008,0.01,2587731.82395795,516883717.0,https://www.binance.com/en/futures/CELRUSDT
CETUSUSDT,CETUS,USDT,perpetual,0.092,0.005,3961228.4444906204,54665016.0,https://www.binance.com/en/futures/CETUSUSDT
CFXUSDT,CFX,USDT,perpetual,0.175,-0.013,31421506.46451603,721031864.0,https://www.binance.com/en/futures/CFXUSDT
CGPTUSDT,CGPT,USDT,perpetual,0.089,0.005,2266111.67377216,26447916.0,https://www.binance.com/en/futures/CGPTUSDT
CHESSUSDT,CHESS,USDT,perpetual,0.071,0.005,3041749.3600506503,37062123.0,https://www.binance.com/en/futures/CHESSUSDT
CHILLGUYUSDT,CHILLGUY,USDT,perpetual,0.045,0.005,4489888.6691676,403894090.0,https://www.binance.com/en/futures/CHILLGUYUSDT
CHRUSDT,CHR,USDT,perpetual,0.099,0.01,3274494.1256916,100668184.0,https://www.binance.com/en/futures/CHRUSDT
CHZUSD_PERP,CHZ,USD,perpetual,0.04,-0.005,2767.4064000000003,9300037.23617007,https://www.binance.com/en/futures/CHZUSD_PERP
CHZUSDT,CHZ,USDT,perpetual,0.04,0.0,7111359.74951364,283155250.0,https://www.binance.com/en/futures/CHZUSDT
CKBUSDT,CKB,USDT,perpetual,0.005,0.006,4514422.29564744,1056873374.0,https://www.binance.com/en/futures/CKBUSDT
COMPUSDT,COMP,USDT,perpetual,44.9,0.002,23636353.1511501,320150.677,https://www.binance.com/en/futures/COMPUSDT
COOKIEUSDT,COOKIE,USDT,perpetual,0.131,0.005,5499680.86450584,55131873.0,https://www.binance.com/en/futures/COOKIEUSDT
COSUSDT,COS,USDT,perpetual,0.003,0.005,1635788.9281788599,482610912.0,https://www.binance.com/en/futures/COSUSDT
COTIUSDT,COTI,USDT,perpetual,0.053,0.005,4381915.07733403,79291805.0,https://www.binance.com/en/futures/COTIUSDT
COWUSDT,COW,USDT,perpetual,0.355,0.005,4674957.70124476,15112218.0,https://www.binance.com/en/futures/COWUSDT
CROSSUSDT,CROSS,USDT,perpetual,0.232,0.005,4089115.19670414,27978281.0,https://www.binance.com/en/futures/CROSSUSDT
CRVUSDC,CRV,USDC,perpetual,0.856,0.01,3798639.5586592196,34816311.2,https://www.binance.com/en/futures/CRVUSDC
CRVUSDT,CRV,USDT,perpetual,0.859,0.01,61020986.59542291,116022993.6,https://www.binance.com/en/futures/CRVUSDT
CTKUSDT,CTK,USDT,perpetual,0.314,-0.031,1709079.19998533,3189814.0,https://www.binance.com/en/futures/CTKUSDT
CTSIUSDT,CTSI,USDT,perpetual,0.082,0.01,6947714.93249948,184845343.0,https://www.binance.com/en/futures/CTSIUSDT
CUDISUSDT,CUDIS,USDT,perpetual,0.098,0.005,2384723.1122014998,933316769.0,https://www.binance.com/en/futures/CUDISUSDT
CVCUSDT,CVC,USDT,perpetual,0.091,0.005,1412274.79730257,11502836.0,https://www.binance.com/en/futures/CVCUSDT
CVXUSDT,CVX,USDT,perpetual,3.95,0.005,2584905.263716384,1165891.9,https://www.binance.com/en/futures/CVXUSDT
CYBERUSDT,CYBER,USDT,perpetual,2.134,0.005,9172209.458887069,10416884.7,https://www.binance.com/en/futures/CYBERUSDT
DUSDT,D,USDT,perpetual,0.032,0.005,1533268.21013856,39021465.0,https://www.binance.com/en/futures/DUSDT
DAMUSDT,DAM,USDT,perpetual,0.066,0.005,4536061.69545905,927946193.0,https://www.binance.com/en/futures/DAMUSDT
DASHUSDT,DASH,USDT,perpetual,21.98,0.01,6386308.566794531,176500.635,https://www.binance.com/en/futures/DASHUSDT
DEEPUSDT,DEEP,USDT,perpetual,0.147,0.005,2736929.14161678,33323197.0,https://www.binance.com/en/futures/DEEPUSDT
DEFIUSDT,DEFI,USDT,perpetual,932.5,0.0,811073.7795372033,5501.431,https://www.binance.com/en/futures/DEFIUSDT
DEGENUSDT,DEGEN,USDT,perpetual,0.003,0.005,2002055.93986447,607526781.0,https://www.binance.com/en/futures/DEGENUSDT
DEGOUSDT,DEGO,USDT,perpetual,1.225,0.005,12712360.999001937,2670198.2,https://www.binance.com/en/futures/DEGOUSDT
DENTUSDT,DENT,USDT,perpetual,0.001,0.003,3877958.48612466,5074564160.0,https://www.binance.com/en/futures/DENTUSDT
DEXEUSDT,DEXE,USDT,perpetual,7.073,0.005,7579190.545274428,232077.01,https://www.binance.com/en/futures/DEXEUSDT
DFUSDT,DF,USDT,perpetual,0.029,0.005,2121768.00801,50832092.0,https://www.binance.com/en/futures/DFUSDT
DIAUSDT,DIA,USDT,perpetual,0.666,-0.001,2721768.90984384,10360994.0,https://www.binance.com/en/futures/DIAUSDT
DMCUSDT,DMC,USDT,perpetual,0.004,0.005,1270422.94020516,607498575.0,https://www.binance.com/en/futures/DMCUSDT
DODOXUSDT,DODOX,USDT,perpetual,0.044,0.005,1086882.67992692,30931649.0,https://www.binance.com/en/futures/DODOXUSDT
DOGEUSD_PERP,DOGE,USD,perpetual,0.215,0.01,120290790.0,557963690.846254,https://www.binance.com/en/futures/DOGEUSD_PERP
DOGEUSDC,DOGE,USDC,perpetual,0.215,0.01,19760573.01236792,1224282885.0,https://www.binance.com/en/futures/DOGEUSDC
DOGEUSDT,DOGE,USDT,perpetual,0.215,0.01,495671654.5954048,5818195933.0,https://www.binance.com/en/futures/DOGEUSDT
DOGSUSD_PERP,DOGS,USD,perpetual,0.0,0.01,10.535125899999999,3332220217.441516,https://www.binance.com/en/futures/DOGSUSD_PERP
DOGSUSDT,DOGS,USDT,perpetual,0.0,0.005,4196920.78823241,50923431231.0,https://www.binance.com/en/futures/DOGSUSDT
DOLOUSDT,DOLO,USDT,perpetual,0.219,0.005,9359331.11641708,83388478.0,https://www.binance.com/en/futures/DOLOUSDT
DOODUSDT,DOOD,USDT,perpetual,0.003,0.005,1663200.03187996,442142170.0,https://www.binance.com/en/futures/DOODUSDT
DOTUSD_250627,DOT,USD,futures,3.32,0.0,407310.0,151309.83302506,https://www.binance.com/en/futures/DOTUSD_250627
DOTUSD_250926,DOT,USD,futures,3.801,0.0,2000650.0,88428.3835798,https://www.binance.com/en/futures/DOTUSD_250926
DOTUSD_PERP,DOT,USD,perpetual,3.793,0.01,16243090.0,2688507.43341727,https://www.binance.com/en/futures/DOTUSD_PERP
DOTUSDT,DOT,USDT,perpetual,3.793,0.01,82831518.79460183,32233247.8,https://www.binance.com/en/futures/DOTUSDT
DRIFTUSDT,DRIFT,USDT,perpetual,0.508,0.005,3310090.40213784,3841151.0,https://www.binance.com/en/futures/DRIFTUSDT
DUSKUSDT,DUSK,USDT,perpetual,0.065,0.01,2448985.23111278,36858467.0,https://www.binance.com/en/futures/DUSKUSDT
DYDXUSDT,DYDX,USDT,perpetual,0.635,0.01,15228673.62926948,44642772.4,https://www.binance.com/en/futures/DYDXUSDT
DYMUSDT,DYM,USDT,perpetual,0.235,0.001,3451585.576058001,17116284.2,https://www.binance.com/en/futures/DYMUSDT
EDUUSDT,EDU,USDT,perpetual,0.133,0.01,2367407.25597074,15489836.0,https://www.binance.com/en/futures/EDUUSDT
EGLDUSD_PERP,EGLD,USD,perpetual,14.726,0.01,107817.8816,128586.48575038,https://www.binance.com/en/futures/EGLDUSD_PERP
EGLDUSDT,EGLD,USDT,perpetual,14.723,0.01,6990118.689900125,525432.0,https://www.binance.com/en/futures/EGLDUSDT
EIGENUSDT,EIGEN,USDT,perpetual,1.311,0.005,19062403.276821394,34374571.6,https://www.binance.com/en/futures/EIGENUSDT
ENAUSDC,ENA,USDC,perpetual,0.628,0.005,9321338.3565887,59012679.0,https://www.binance.com/en/futures/ENAUSDC
ENAUSDT,ENA,USDT,perpetual,0.628,0.005,343502989.0628658,961029699.0,https://www.binance.com/en/futures/ENAUSDT
ENJUSDT,ENJ,USDT,perpetual,0.068,0.01,3194021.00663856,72752200.0,https://www.binance.com/en/futures/ENJUSDT
ENSUSD_PERP,ENS,USD,perpetual,24.432,0.01,9369745.296,130916.96818142,https://www.binance.com/en/futures/ENSUSD_PERP
ENSUSDT,ENS,USDT,perpetual,24.429,0.005,22744650.8625948,1492783.4,https://www.binance.com/en/futures/ENSUSDT
EPICUSDT,EPIC,USDT,perpetual,2.762,0.005,8026447.951745556,23033371.1,https://www.binance.com/en/futures/EPICUSDT
EPTUSDT,EPT,USDT,perpetual,0.004,0.005,3440285.5678099203,439320469.0,https://www.binance.com/en/futures/EPTUSDT
ERAUSDT,ERA,USDT,perpetual,0.839,-0.012,9437725.4826045,16277732.0,https://www.binance.com/en/futures/ERAUSDT
ESPORTSUSDT,ESPORTS,USDT,perpetual,0.084,0.005,2088432.4695862802,68315003.0,https://www.binance.com/en/futures/ESPORTSUSDT
ETCUSD_PERP,ETC,USD,perpetual,20.997,0.01,13442380.0,372493.49732183,https://www.binance.com/en/futures/ETCUSD_PERP
ETCUSDT,ETC,USDT,perpetual,20.995,0.01,50712038.98924471,3774719.6,https://www.binance.com/en/futures/ETCUSDT
ETHUSD_250627,ETH,USD,futures,2442.67,0.0,12692280.0,5638.86897449,https://www.binance.com/en/futures/ETHUSD_250627
ETHUSD_250926,ETH,USD,futures,4240.71,0.0,59805850.0,6184.65278924,https://www.binance.com/en/futures/ETHUSD_250926
ETHUSD_251226,ETH,USD,futures,4299.71,0.0,34467240.0,5577.11068331,https://www.binance.com/en/futures/ETHUSD_251226
ETHUSD_PERP,ETH,USD,perpetual,4223.67,0.01,1232258030.0,474729.64916521,https://www.binance.com/en/futures/ETHUSD_PERP
ETHUSDC,ETH,USDC,perpetual,4224.8,0.01,995814783.4113821,1125281.471,https://www.binance.com/en/futures/ETHUSDC
ETHUSDT,ETH,USDT,perpetual,4224.3,0.006,9050575861.23994,4943826.553,https://www.binance.com/en/futures/ETHUSDT
ETHUSDT_250627,ETH,USDT,futures,2441.53,0.0,7052.113050440194,10849.901,https://www.binance.com/en/futures/ETHUSDT_250627
ETHUSDT_250926,ETH,USDT,futures,4241.2,0.0,51738.90413905284,5613.074,https://www.binance.com/en/futures/ETHUSDT_250926
ETHUSDT_251226,ETH,USDT,futures,4310.66,0.0,23420.457772025482,3391.833,https://www.binance.com/en/futures/ETHUSDT_251226
ETHFIUSDC,ETHFI,USDC,perpetual,1.073,0.005,9886206.33312037,6330646.3,https://www.binance.com/en/futures/ETHFIUSDC
ETHFIUSDT,ETHFI,USDT,perpetual,1.073,0.003,30545151.05265569,68393807.5,https://www.binance.com/en/futures/ETHFIUSDT
ETHWUSDT,ETHW,USDT,perpetual,1.563,0.005,2364625.8917,698308.0,https://www.binance.com/en/futures/ETHWUSDT
FUSDT,F,USDT,perpetual,0.007,0.005,888745.9683940801,223415009.0,https://www.binance.com/en/futures/FUSDT
FARTCOINUSDT,FARTCOIN,USDT,perpetual,0.867,0.005,99699693.88301285,378464311.5,https://www.binance.com/en/futures/FARTCOINUSDT
FETUSDT,FET,USDT,perpetual,0.663,0.01,35071797.34446988,64869223.0,https://www.binance.com/en/futures/FETUSDT
FHEUSDT,FHE,USDT,perpetual,0.047,0.005,6145175.44419352,771990375.0,https://www.binance.com/en/futures/FHEUSDT
FIDAUSDT,FIDA,USDT,perpetual,0.089,-0.018,2928853.76807144,68701017.0,https://www.binance.com/en/futures/FIDAUSDT
FILUSD_PERP,FIL,USD,perpetual,2.391,0.01,18177460.0,2983589.8626287,https://www.binance.com/en/futures/FILUSD_PERP
FILUSDC,FIL,USDC,perpetual,2.388,0.01,2852806.055007599,2120371.0,https://www.binance.com/en/futures/FILUSDC
FILUSDT,FIL,USDT,perpetual,2.39,0.01,73937210.52680784,31126504.3,https://www.binance.com/en/futures/FILUSDT
FIOUSDT,FIO,USDT,perpetual,0.019,0.005,3776590.49954664,203343228.0,https://www.binance.com/en/futures/FIOUSDT
FISUSDT,FIS,USDT,perpetual,0.119,0.005,1787404.317168,28322168.0,https://www.binance.com/en/futures/FISUSDT
FLMUSDT,FLM,USDT,perpetual,0.031,0.005,2158870.2945255,297064658.0,https://www.binance.com/en/futures/FLMUSDT
FLOWUSDT,FLOW,USDT,perpetual,0.373,0.01,6075844.8051715,94634461.8,https://www.binance.com/en/futures/FLOWUSDT
FLUXUSDT,FLUX,USDT,perpetual,0.201,0.005,1889363.8079805,6328247.0,https://www.binance.com/en/futures/FLUXUSDT
FORMUSDT,FORM,USDT,perpetual,3.614,0.005,67439355.66846399,2079922.8,https://www.binance.com/en/futures/FORMUSDT
FORTHUSDT,FORTH,USDT,perpetual,2.652,0.005,2544660.223182044,725558.9,https://www.binance.com/en/futures/FORTHUSDT
FUNUSDT,FUN,USDT,perpetual,0.009,-0.049,8431328.501008,1244189409.0,https://www.binance.com/en/futures/FUNUSDT
FXSUSDT,FXS,USDT,perpetual,2.713,0.01,5060497.02054375,1678402.2,https://www.binance.com/en/futures/FXSUSDT
GUSDT,G,USDT,perpetual,0.011,0.005,1904675.5386508498,160068394.0,https://www.binance.com/en/futures/GUSDT
GALAUSDT,GALA,USDT,perpetual,0.016,0.01,26235076.92258912,3282656265.0,https://www.binance.com/en/futures/GALAUSDT
GASUSDT,GAS,USDT,perpetual,3.402,-0.051,6410021.9384004,8571246.3,https://www.binance.com/en/futures/GASUSDT
GHSTUSDT,GHST,USDT,perpetual,0.446,0.005,1573115.676642,2910667.0,https://www.binance.com/en/futures/GHSTUSDT
GLMUSDT,GLM,USDT,perpetual,0.241,-0.036,3392237.91761406,15157147.0,https://www.binance.com/en/futures/GLMUSDT
GMTUSD_PERP,GMT,USD,perpetual,0.041,0.01,2545.748,3748844.78497401,https://www.binance.com/en/futures/GMTUSD_PERP
GMTUSDT,GMT,USDT,perpetual,0.041,0.01,5358355.96002192,180046837.0,https://www.binance.com/en/futures/GMTUSDT
GMXUSDT,GMX,USDT,perpetual,14.996,-0.007,5367929.52609375,348327.76,https://www.binance.com/en/futures/GMXUSDT
GOATUSDT,GOAT,USDT,perpetual,0.088,0.005,7532966.2216043705,109791226.0,https://www.binance.com/en/futures/GOATUSDT
GPSUSDT,GPS,USDT,perpetual,0.012,0.005,3020529.1299718,247671681.0,https://www.binance.com/en/futures/GPSUSDT
GRASSUSDT,GRASS,USDT,perpetual,0.821,0.005,10704269.292989999,20691989.2,https://www.binance.com/en/futures/GRASSUSDT
GRIFFAINUSDT,GRIFFAIN,USDT,perpetual,0.036,0.005,4437630.58022264,170605419.0,https://www.binance.com/en/futures/GRIFFAINUSDT
GRTUSDT,GRT,USDT,perpetual,0.089,0.01,9377780.42039715,159409668.0,https://www.binance.com/en/futures/GRTUSDT
GTCUSDT,GTC,USDT,perpetual,0.343,0.01,5021325.747531678,116229146.1,https://www.binance.com/en/futures/GTCUSDT
GUNUSDT,GUN,USDT,perpetual,0.025,0.005,2803269.69473784,185670326.0,https://www.binance.com/en/futures/GUNUSDT
HUSDT,H,USDT,perpetual,0.031,0.005,3175131.99800475,202518747.0,https://www.binance.com/en/futures/HUSDT
HAEDALUSDT,HAEDAL,USDT,perpetual,0.124,0.005,3134061.69932211,39007121.0,https://www.binance.com/en/futures/HAEDALUSDT
HBARUSDC,HBAR,USDC,perpetual,0.235,0.005,2447893.37235798,15381008.0,https://www.binance.com/en/futures/HBARUSDC
HBARUSDT,HBAR,USDT,perpetual,0.235,0.01,61335279.26938488,380947908.0,https://www.binance.com/en/futures/HBARUSDT
HEIUSDT,HEI,USDT,perpetual,0.417,0.005,7495346.207697921,5068748.6,https://www.binance.com/en/futures/HEIUSDT
HFTUSDT,HFT,USDT,perpetual,0.082,-0.021,4040682.5734025,86114080.0,https://www.binance.com/en/futures/HFTUSDT
HIFIUSDT,HIFI,USDT,perpetual,0.096,0.005,4895318.4102277,66195363.0,https://www.binance.com/en/futures/HIFIUSDT
HIGHUSDT,HIGH,USDT,perpetual,0.541,0.01,2797370.075545635,4621188.3,https://www.binance.com/en/futures/HIGHUSDT
HIPPOUSDT,HIPPO,USDT,perpetual,0.002,0.02,4006099.2045339197,1392816036.0,https://www.binance.com/en/futures/HIPPOUSDT
HIVEUSDT,HIVE,USDT,perpetual,0.204,0.005,1959064.74895164,7765957.0,https://www.binance.com/en/futures/HIVEUSDT
HMSTRUSDT,HMSTR,USDT,perpetual,0.001,-0.009,2991492.48660983,5467899473.0,https://www.binance.com/en/futures/HMSTRUSDT
HOMEUSDT,HOME,USDT,perpetual,0.041,0.005,11939170.08947229,389467220.0,https://www.binance.com/en/futures/HOMEUSDT
HOOKUSDT,HOOK,USDT,perpetual,0.104,0.01,3474653.902974966,29084172.0,https://www.binance.com/en/futures/HOOKUSDT
HOTUSDT,HOT,USDT,perpetual,0.001,0.01,3361912.04046222,6034763720.0,https://www.binance.com/en/futures/HOTUSDT
HUMAUSDT,HUMA,USDT,perpetual,0.03,-0.067,8183189.09300355,705216352.0,https://www.binance.com/en/futures/HUMAUSDT
HYPEUSDT,HYPE,USDT,perpetual,40.547,0.005,118094699.54661264,6247527.02,https://www.binance.com/en/futures/HYPEUSDT
HYPERUSDT,HYPER,USDT,perpetual,0.324,-0.007,9544359.8464248,92131872.0,https://www.binance.com/en/futures/HYPERUSDT
ICNTUSDT,ICNT,USDT,perpetual,0.307,0.005,2039806.6213550798,12360979.0,https://www.binance.com/en/futures/ICNTUSDT
ICPUSDT,ICP,USDT,perpetual,5.094,0.01,22555573.47852534,5043312.0,https://www.binance.com/en/futures/ICPUSDT
ICXUSDT,ICX,USDT,perpetual,0.126,0.01,2046695.48691615,15717846.0,https://www.binance.com/en/futures/ICXUSDT
IDUSDT,ID,USDT,perpetual,0.155,0.01,3282288.567614319,26218977.0,https://www.binance.com/en/futures/IDUSDT
IDOLUSDT,IDOL,USDT,perpetual,0.013,0.005,1655850.75571,287228866.0,https://www.binance.com/en/futures/IDOLUSDT
ILVUSDT,ILV,USDT,perpetual,15.017,0.005,3973798.650954002,437869.6,https://www.binance.com/en/futures/ILVUSDT
IMXUSDT,IMX,USDT,perpetual,0.534,0.0,8570843.738315871,18491234.0,https://www.binance.com/en/futures/IMXUSDT
INUSDT,IN,USDT,perpetual,0.077,0.005,2878233.97121172,148762002.0,https://www.binance.com/en/futures/INUSDT
INITUSDT,INIT,USDT,perpetual,0.36,0.005,12211970.0494998,26617626.0,https://www.binance.com/en/futures/INITUSDT
INJUSDT,INJ,USDT,perpetual,13.288,0.01,38435566.65407232,5974077.8,https://www.binance.com/en/futures/INJUSDT
IOUSDT,IO,USDT,perpetual,0.613,0.005,9265307.157979248,20418776.3,https://www.binance.com/en/futures/IOUSDT
IOSTUSDT,IOST,USDT,perpetual,0.003,0.01,2463181.5022336,515022916.0,https://www.binance.com/en/futures/IOSTUSDT
IOTAUSDT,IOTA,USDT,perpetual,0.193,0.01,9888594.098296005,64153300.9,https://www.binance.com/en/futures/IOTAUSDT
IOTXUSDT,IOTX,USDT,perpetual,0.028,0.01,17139971.49147664,179383946.0,https://www.binance.com/en/futures/IOTXUSDT
IPUSDC,IP,USDC,perpetual,5.702,0.005,1315574.967315678,493056.6,https://www.binance.com/en/futures/IPUSDC
IPUSDT,IP,USDT,perpetual,5.703,0.005,35928562.06383441,2628411.1,https://www.binance.com/en/futures/IPUSDT
JASMYUSDT,JASMY,USDT,perpetual,0.015,0.01,4625598.82797298,534500626.0,https://www.binance.com/en/futures/JASMYUSDT
JELLYJELLYUSDT,JELLYJELLY,USDT,perpetual,0.018,0.005,4208866.575490139,312392942.0,https://www.binance.com/en/futures/JELLYJELLYUSDT
JOEUSDT,JOE,USDT,perpetual,0.151,0.01,2706448.04571875,14019274.0,https://www.binance.com/en/futures/JOEUSDT
JSTUSDT,JST,USDT,perpetual,0.034,0.005,1913221.9501707,96764623.0,https://www.binance.com/en/futures/JSTUSDT
JTOUSDT,JTO,USDT,perpetual,1.752,0.001,12136452.00146608,9318207.0,https://www.binance.com/en/futures/JTOUSDT
JUPUSDT,JUP,USDT,perpetual,0.484,0.005,31989374.36825364,79610919.0,https://www.binance.com/en/futures/JUPUSDT
KAIAUSDT,KAIA,USDT,perpetual,0.145,0.005,8434604.30921912,43693551.0,https://www.binance.com/en/futures/KAIAUSDT
KAITOUSDC,KAITO,USDC,perpetual,1.07,0.005,774607.4659692101,2757857.1,https://www.binance.com/en/futures/KAITOUSDC
KAITOUSDT,KAITO,USDT,perpetual,1.07,0.005,12685329.46412102,23069605.2,https://www.binance.com/en/futures/KAITOUSDT
KASUSDT,KAS,USDT,perpetual,0.086,0.005,8656924.096475,103848673.0,https://www.binance.com/en/futures/KASUSDT
KAVAUSDT,KAVA,USDT,perpetual,0.372,0.01,28191124.4119,34745238.9,https://www.binance.com/en/futures/KAVAUSDT
KDAUSDT,KDA,USDT,perpetual,0.378,0.005,3665928.39983233,7670068.0,https://www.binance.com/en/futures/KDAUSDT
KERNELUSDT,KERNEL,USDT,perpetual,0.217,0.004,7150279.0365271,134637131.0,https://www.binance.com/en/futures/KERNELUSDT
KMNOUSDT,KMNO,USDT,perpetual,0.056,0.005,3105738.9368083603,94197356.0,https://www.binance.com/en/futures/KMNOUSDT
KNCUSDT,KNC,USDT,perpetual,0.384,0.005,3562328.543814,9174427.0,https://www.binance.com/en/futures/KNCUSDT
KOMAUSDT,KOMA,USDT,perpetual,0.028,0.005,5661811.629675,2037449161.0,https://www.binance.com/en/futures/KOMAUSDT
KSMUSDT,KSM,USDT,perpetual,14.365,-0.019,4032410.759555994,346329.7,https://www.binance.com/en/futures/KSMUSDT
LAUSDT,LA,USDT,perpetual,0.356,-0.005,7739142.340882173,90437979.2,https://www.binance.com/en/futures/LAUSDT
LAYERUSDT,LAYER,USDT,perpetual,0.555,0.005,11143559.860980429,18032148.3,https://www.binance.com/en/futures/LAYERUSDT
LDOUSDT,LDO,USDT,perpetual,1.275,0.01,64873118.8043336,109929606.0,https://www.binance.com/en/futures/LDOUSDT
LEVERUSDT,LEVER,USDT,perpetual,0.0,0.038,4062435.233114719,19698754762.0,https://www.binance.com/en/futures/LEVERUSDT
LINKUSD_250627,LINK,USD,futures,13.086,0.0,174390.0,6112.28237195,https://www.binance.com/en/futures/LINKUSD_250627
LINKUSD_250926,LINK,USD,futures,25.037,0.0,721330.0,10159.095451,https://www.binance.com/en/futures/LINKUSD_250926
LINKUSD_PERP,LINK,USD,perpetual,24.747,0.01,15372090.0,3061657.46382112,https://www.binance.com/en/futures/LINKUSD_PERP
LINKUSDC,LINK,USDC,perpetual,24.69,0.01,11097644.2744371,4175994.62,https://www.binance.com/en/futures/LINKUSDC
LINKUSDT,LINK,USDT,perpetual,24.752,0.004,240383768.5999192,54312739.88,https://www.binance.com/en/futures/LINKUSDT
LISTAUSDT,LISTA,USDT,perpetual,0.276,-0.008,5588120.201036559,25844061.0,https://www.binance.com/en/futures/LISTAUSDT
LOKAUSDT,LOKA,USDT,perpetual,0.113,0.0,2077310.13445434,179798229.0,https://www.binance.com/en/futures/LOKAUSDT
LPTUSDT,LPT,USDT,perpetual,6.253,-0.02,8389395.25343692,1433937.5,https://www.binance.com/en/futures/LPTUSDT
LQTYUSDT,LQTY,USDT,perpetual,0.901,0.003,4321019.724784551,9402814.4,https://www.binance.com/en/futures/LQTYUSDT
LRCUSDT,LRC,USDT,perpetual,0.087,-0.002,3579798.81999852,54961638.0,https://www.binance.com/en/futures/LRCUSDT
LSKUSDT,LSK,USDT,perpetual,0.377,0.005,1914032.42962965,3603693.0,https://www.binance.com/en/futures/LSKUSDT
LTCUSD_250627,LTC,USD,futures,85.07,0.0,540100.0,2263.69105528,https://www.binance.com/en/futures/LTCUSD_250627
LTCUSD_250926,LTC,USD,futures,115.07,0.0,717510.0,3232.58369756,https://www.binance.com/en/futures/LTCUSD_250926
LTCUSD_PERP,LTC,USD,perpetual,114.59,0.01,39963620.0,124593.92791319,https://www.binance.com/en/futures/LTCUSD_PERP
LTCUSDC,LTC,USDC,perpetual,114.43,0.01,7040083.388713567,122853.848,https://www.binance.com/en/futures/LTCUSDC
LTCUSDT,LTC,USDT,perpetual,114.58,0.007,274814647.4038916,1833234.884,https://www.binance.com/en/futures/LTCUSDT
LUMIAUSDT,LUMIA,USDT,perpetual,0.288,0.005,2180956.4861198403,7857689.8,https://www.binance.com/en/futures/LUMIAUSDT
LUNA2USDT,LUNA2,USDT,perpetual,0.152,0.01,3236545.26962536,21496275.0,https://www.binance.com/en/futures/LUNA2USDT
MUSDT,M,USDT,perpetual,0.45,-0.082,9367080.40699186,133063208.0,https://www.binance.com/en/futures/MUSDT
MAGICUSDT,MAGIC,USDT,perpetual,0.228,-0.019,13127827.70029418,149387020.3,https://www.binance.com/en/futures/MAGICUSDT
MANAUSD_PERP,MANA,USD,perpetual,0.277,0.01,24535.2752,5186839.11424723,https://www.binance.com/en/futures/MANAUSD_PERP
MANAUSDT,MANA,USDT,perpetual,0.277,0.01,8770569.36934362,37632905.0,https://www.binance.com/en/futures/MANAUSDT
MANTAUSDT,MANTA,USDT,perpetual,0.208,0.005,5061781.619418504,42371371.9,https://www.binance.com/en/futures/MANTAUSDT
MASKUSDT,MASK,USDT,perpetual,1.245,0.003,8332936.603360001,7592495.0,https://www.binance.com/en/futures/MASKUSDT
MAVUSDT,MAV,USDT,perpetual,0.054,0.005,6107284.41879754,433989014.0,https://www.binance.com/en/futures/MAVUSDT
MAVIAUSDT,MAVIA,USDT,perpetual,0.158,0.005,1652752.368820879,8349094.0,https://www.binance.com/en/futures/MAVIAUSDT
MBOXUSDT,MBOX,USDT,perpetual,0.058,0.005,1636651.77314048,28769995.0,https://www.binance.com/en/futures/MBOXUSDT
MEUSDT,ME,USDT,perpetual,0.67,-0.029,5266088.199591367,4682545.4,https://www.binance.com/en/futures/MEUSDT
MELANIAUSDT,MELANIA,USDT,perpetual,0.204,0.005,7889625.606753627,33424390.74,https://www.binance.com/en/futures/MELANIAUSDT
MEMEUSDT,MEME,USDT,perpetual,0.003,0.005,22354304.1387138,133698093990.0,https://www.binance.com/en/futures/MEMEUSDT
MEMEFIUSDT,MEMEFI,USDT,perpetual,0.003,0.0,9870794.322608178,27594716310.0,https://www.binance.com/en/futures/MEMEFIUSDT
MERLUSDT,MERL,USDT,perpetual,0.116,0.005,6789970.67129498,54560875.0,https://www.binance.com/en/futures/MERLUSDT
METISUSDT,METIS,USDT,perpetual,16.5,0.005,3696918.024128899,234707.19,https://www.binance.com/en/futures/METISUSDT
MEWUSDT,MEW,USDT,perpetual,0.003,-0.004,4538908.971058,1510408444.0,https://www.binance.com/en/futures/MEWUSDT
MILKUSDT,MILK,USDT,perpetual,0.041,0.005,1372923.7549299998,47768776.0,https://www.binance.com/en/futures/MILKUSDT
MINAUSDT,MINA,USDT,perpetual,0.18,0.01,6166613.10603884,33734751.0,https://www.binance.com/en/futures/MINAUSDT
MKRUSDT,MKR,USDT,perpetual,1615.2,-0.001,21027055.75143498,24015.156,https://www.binance.com/en/futures/MKRUSDT
MLNUSDT,MLN,USDT,perpetual,8.403,0.005,1896078.6134596202,412769.41,https://www.binance.com/en/futures/MLNUSDT
MOCAUSDT,MOCA,USDT,perpetual,0.069,-0.001,4684040.5674475,45697238.0,https://www.binance.com/en/futures/MOCAUSDT
MOODENGUSDT,MOODENG,USDT,perpetual,0.145,0.005,15494766.789374398,166260322.0,https://www.binance.com/en/futures/MOODENGUSDT
MORPHOUSDT,MORPHO,USDT,perpetual,2.329,0.005,7275720.771717,13168665.0,https://www.binance.com/en/futures/MORPHOUSDT
MOVEUSDT,MOVE,USDT,perpetual,0.126,0.005,10992640.58371578,77391416.0,https://www.binance.com/en/futures/MOVEUSDT
MOVRUSDT,MOVR,USDT,perpetual,6.322,0.005,2384817.078133755,305701.33,https://www.binance.com/en/futures/MOVRUSDT
MTLUSDT,MTL,USDT,perpetual,0.716,-0.003,2061695.76988,2374530.0,https://www.binance.com/en/futures/MTLUSDT
MUBARAKUSDT,MUBARAK,USDT,perpetual,0.032,0.005,5973487.857078,268452957.0,https://www.binance.com/en/futures/MUBARAKUSDT
MYROUSDT,MYRO,USDT,perpetual,0.025,0.005,2310879.41542623,192743110.0,https://www.binance.com/en/futures/MYROUSDT
MYXUSDT,MYX,USDT,perpetual,1.171,0.001,33435998.048088085,280839225.0,https://www.binance.com/en/futures/MYXUSDT
NAORISUSDT,NAORIS,USDT,perpetual,0.023,0.005,1760928.00894726,214255055.0,https://www.binance.com/en/futures/NAORISUSDT
NEARUSD_PERP,NEAR,USD,perpetual,2.445,0.01,1269957.45,2680896.00843378,https://www.binance.com/en/futures/NEARUSD_PERP
NEARUSDC,NEAR,USDC,perpetual,2.439,0.01,8276084.85039,2571801.0,https://www.binance.com/en/futures/NEARUSDC
NEARUSDT,NEAR,USDT,perpetual,2.443,0.01,60991697.2647694,36840711.0,https://www.binance.com/en/futures/NEARUSDT
NEIROUSDT,NEIRO,USDT,perpetual,0.0,0.005,17296508.4008064,100799276951.0,https://www.binance.com/en/futures/NEIROUSDT
NEIROETHUSDT,NEIROETH,USDT,perpetual,0.106,-0.039,9447357.27854028,230615537.0,https://www.binance.com/en/futures/NEIROETHUSDT
NEOUSDC,NEO,USDC,perpetual,6.654,-0.01,1543557.261258525,2508576.986,https://www.binance.com/en/futures/NEOUSDC
NEOUSDT,NEO,USDT,perpetual,6.655,0.002,15719611.77812812,18537932.32,https://www.binance.com/en/futures/NEOUSDT
NEWTUSDT,NEWT,USDT,perpetual,0.294,-0.01,6123730.7219612,32304028.0,https://www.binance.com/en/futures/NEWTUSDT
NFPUSDT,NFP,USDT,perpetual,0.065,0.005,2232619.347779323,25878925.0,https://www.binance.com/en/futures/NFPUSDT
NILUSDT,NIL,USDT,perpetual,0.287,0.005,7358694.161454236,9127200.5,https://www.binance.com/en/futures/NILUSDT
NKNUSDT,NKN,USDT,perpetual,0.028,0.005,1862808.205284,76962630.0,https://www.binance.com/en/futures/NKNUSDT
NMRUSDT,NMR,USDT,perpetual,8.415,0.005,2943725.001469878,646266.4,https://www.binance.com/en/futures/NMRUSDT
NOTUSDT,NOT,USDT,perpetual,0.002,0.005,9680040.81544734,7723826891.0,https://www.binance.com/en/futures/NOTUSDT
NTRNUSDT,NTRN,USDT,perpetual,0.09,0.005,1850236.69806903,17706531.0,https://www.binance.com/en/futures/NTRNUSDT
NXPCUSDT,NXPC,USDT,perpetual,0.77,0.005,6748743.52994608,12530808.0,https://www.binance.com/en/futures/NXPCUSDT
OBOLUSDT,OBOL,USDT,perpetual,0.112,0.005,1816357.54470962,14565961.0,https://www.binance.com/en/futures/OBOLUSDT
OGUSDT,OG,USDT,perpetual,13.026,0.005,11040988.80405756,2784634.2,https://www.binance.com/en/futures/OGUSDT
OGNUSDT,OGN,USDT,perpetual,0.074,0.005,6395412.5073069,784390751.0,https://www.binance.com/en/futures/OGNUSDT
OLUSDT,OL,USDT,perpetual,0.035,0.005,769085.0874076501,65093826.0,https://www.binance.com/en/futures/OLUSDT
OMUSDT,OM,USDT,perpetual,0.233,0.002,29671551.81100195,125585687.6,https://www.binance.com/en/futures/OMUSDT
OMNIUSDT,OMNI,USDT,perpetual,3.603,0.005,10542485.80281305,4087651.75,https://www.binance.com/en/futures/OMNIUSDT
ONDOUSDT,ONDO,USDT,perpetual,0.916,0.005,61144737.59760938,102014938.4,https://www.binance.com/en/futures/ONDOUSDT
ONEUSDT,ONE,USDT,perpetual,0.011,0.009,5246120.16463821,620238163.0,https://www.binance.com/en/futures/ONEUSDT
ONGUSDT,ONG,USDT,perpetual,0.179,0.001,1535769.88689975,42161713.0,https://www.binance.com/en/futures/ONGUSDT
ONTUSDT,ONT,USDT,perpetual,0.133,-0.021,3013462.897371465,73178629.2,https://www.binance.com/en/futures/ONTUSDT
OPUSD_PERP,OP,USD,perpetual,0.714,-0.01,705760.6655,16704999.70793853,https://www.binance.com/en/futures/OPUSD_PERP
OPUSDT,OP,USDT,perpetual,0.714,-0.014,47742961.58368645,161217872.5,https://www.binance.com/en/futures/OPUSDT
ORCAUSDT,ORCA,USDT,perpetual,2.211,0.005,3980425.3879095516,2199733.6,https://www.binance.com/en/futures/ORCAUSDT
ORDIUSDC,ORDI,USDC,perpetual,8.675,0.005,893185.633002138,478053.7,https://www.binance.com/en/futures/ORDIUSDC
ORDIUSDT,ORDI,USDT,perpetual,8.695,-0.003,20134588.10804266,3085640.2,https://www.binance.com/en/futures/ORDIUSDT
OXTUSDT,OXT,USDT,perpetual,0.054,0.01,2290562.3999004,30314687.0,https://www.binance.com/en/futures/OXTUSDT
PARTIUSDT,PARTI,USDT,perpetual,0.171,0.005,6087425.164482,24618971.0,https://www.binance.com/en/futures/PARTIUSDT
PAXGUSDT,PAXG,USDT,perpetual,3329.55,0.005,54498917.04684401,5428.388,https://www.binance.com/en/futures/PAXGUSDT
PENDLEUSDT,PENDLE,USDT,perpetual,5.426,0.007,65625988.60969865,12834227.0,https://www.binance.com/en/futures/PENDLEUSDT
PENGUUSDC,PENGU,USDC,perpetual,0.03,0.005,3476334.1721420703,499178772.0,https://www.binance.com/en/futures/PENGUUSDC
PENGUUSDT,PENGU,USDT,perpetual,0.03,0.001,79853287.58346452,8284740914.0,https://www.binance.com/en/futures/PENGUUSDT
PEOPLEUSDT,PEOPLE,USDT,perpetual,0.019,0.01,8600383.61467044,1519607315.0,https://www.binance.com/en/futures/PEOPLEUSDT
PERPUSDT,PERP,USDT,perpetual,0.267,0.005,1562903.61692971,6694335.0,https://www.binance.com/en/futures/PERPUSDT
PHAUSDT,PHA,USDT,perpetual,0.123,0.005,4541244.2905809395,261757327.0,https://www.binance.com/en/futures/PHAUSDT
PHBUSDT,PHB,USDT,perpetual,0.551,0.005,2560215.041997229,5686047.0,https://www.binance.com/en/futures/PHBUSDT
PIPPINUSDT,PIPPIN,USDT,perpetual,0.017,0.005,4102991.7675459,183977558.0,https://www.binance.com/en/futures/PIPPINUSDT
PIXELUSDT,PIXEL,USDT,perpetual,0.033,-0.002,2975979.206653,92720461.0,https://www.binance.com/en/futures/PIXELUSDT
PLAYUSDT,PLAY,USDT,perpetual,0.046,0.005,4674892.98972264,283452147.0,https://www.binance.com/en/futures/PLAYUSDT
PLUMEUSDT,PLUME,USDT,perpetual,0.082,0.005,12822160.303599501,355046863.0,https://www.binance.com/en/futures/PLUMEUSDT
PNUTUSDC,PNUT,USDC,perpetual,0.212,0.005,2290935.7823183,18333773.0,https://www.binance.com/en/futures/PNUTUSDC
PNUTUSDT,PNUT,USDT,perpetual,0.213,0.005,24631910.55047311,208388184.0,https://www.binance.com/en/futures/PNUTUSDT
POLUSDT,POL,USDT,perpetual,0.236,0.005,23761715.793619998,118007007.0,https://www.binance.com/en/futures/POLUSDT
POLYXUSDT,POLYX,USDT,perpetual,0.13,0.005,2374229.700140299,20506436.0,https://www.binance.com/en/futures/POLYXUSDT
PONKEUSDT,PONKE,USDT,perpetual,0.106,0.001,1311078.50908,17572108.0,https://www.binance.com/en/futures/PONKEUSDT
POPCATUSDT,POPCAT,USDT,perpetual,0.273,0.005,11915776.851200001,126611606.0,https://www.binance.com/en/futures/POPCATUSDT
PORT3USDT,PORT3,USDT,perpetual,0.036,0.005,2592204.2353713596,62455667.0,https://www.binance.com/en/futures/PORT3USDT
PORTALUSDT,PORTAL,USDT,perpetual,0.042,0.005,2556335.065798328,96802937.1,https://www.binance.com/en/futures/PORTALUSDT
POWRUSDT,POWR,USDT,perpetual,0.159,0.005,1775733.90854356,11655633.0,https://www.binance.com/en/futures/POWRUSDT
PROMUSDT,PROM,USDT,perpetual,9.103,0.005,7330755.50975,474720.2,https://www.binance.com/en/futures/PROMUSDT
PROMPTUSDT,PROMPT,USDT,perpetual,0.117,0.005,2092473.9315,26394163.0,https://www.binance.com/en/futures/PROMPTUSDT
PROVEUSDT,PROVE,USDT,perpetual,1.087,-0.028,15570250.690207675,74939477.9,https://www.binance.com/en/futures/PROVEUSDT
PUFFERUSDT,PUFFER,USDT,perpetual,0.203,0.005,1760832.41280273,7952048.0,https://www.binance.com/en/futures/PUFFERUSDT
PUMPUSDT,PUMP,USDT,perpetual,0.003,0.005,75925090.79771328,74387458442.0,https://www.binance.com/en/futures/PUMPUSDT
PUMPBTCUSDT,PUMPBTC,USDT,perpetual,0.039,0.005,1511138.58319502,73516276.0,https://www.binance.com/en/futures/PUMPBTCUSDT
PUNDIXUSDT,PUNDIX,USDT,perpetual,0.291,0.005,1771271.5998600002,6424540.0,https://www.binance.com/en/futures/PUNDIXUSDT
PYTHUSDT,PYTH,USDT,perpetual,0.118,-0.002,9007629.3737664,143661572.0,https://www.binance.com/en/futures/PYTHUSDT
QNTUSDT,QNT,USDT,perpetual,106.15,0.0,5324081.205364205,70881.8,https://www.binance.com/en/futures/QNTUSDT
QTUMUSDT,QTUM,USDT,perpetual,2.317,-0.073,10488169.12742812,57108999.2,https://www.binance.com/en/futures/QTUMUSDT
QUICKUSDT,QUICK,USDT,perpetual,0.023,0.005,1193305.53604962,59851066.0,https://www.binance.com/en/futures/QUICKUSDT
RAREUSDT,RARE,USDT,perpetual,0.055,0.001,3575177.34960401,173299419.0,https://www.binance.com/en/futures/RAREUSDT
RAYSOLUSDT,RAYSOL,USDT,perpetual,3.188,0.005,7836314.306505072,5545397.9,https://www.binance.com/en/futures/RAYSOLUSDT
RDNTUSDT,RDNT,USDT,perpetual,0.021,0.004,2575223.97319838,96457481.0,https://www.binance.com/en/futures/RDNTUSDT
REDUSDT,RED,USDT,perpetual,0.378,-0.04,3891018.1205101497,28120291.0,https://www.binance.com/en/futures/REDUSDT
REIUSDT,REI,USDT,perpetual,0.018,0.005,1503431.9491559998,79293295.0,https://www.binance.com/en/futures/REIUSDT
RENDERUSDT,RENDER,USDT,perpetual,3.526,0.005,16111007.224725,6570606.3,https://www.binance.com/en/futures/RENDERUSDT
RESOLVUSDT,RESOLV,USDT,perpetual,0.15,0.005,8985239.9843328,79121216.0,https://www.binance.com/en/futures/RESOLVUSDT
REZUSDT,REZ,USDT,perpetual,0.013,-0.046,6258093.5693605,806401890.0,https://www.binance.com/en/futures/REZUSDT
RIFUSDT,RIF,USDT,perpetual,0.057,0.005,2226038.2516656,30966761.0,https://www.binance.com/en/futures/RIFUSDT
RLCUSDT,RLC,USDT,perpetual,0.998,0.01,2574668.065602066,6631455.3,https://www.binance.com/en/futures/RLCUSDT
RONINUSDT,RONIN,USDT,perpetual,0.527,0.005,2710024.550662428,4826160.0,https://www.binance.com/en/futures/RONINUSDT
ROSEUSDT,ROSE,USDT,perpetual,0.027,0.01,5610315.75910848,324515611.0,https://www.binance.com/en/futures/ROSEUSDT
RPLUSDT,RPL,USDT,perpetual,7.107,0.005,2666817.352624711,344293.4,https://www.binance.com/en/futures/RPLUSDT
RSRUSDT,RSR,USDT,perpetual,0.008,0.01,6084766.152608319,996905953.0,https://www.binance.com/en/futures/RSRUSDT
RUNEUSD_PERP,RUNE,USD,perpetual,1.274,0.01,109622.604,1080450.71848246,https://www.binance.com/en/futures/RUNEUSD_PERP
RUNEUSDT,RUNE,USDT,perpetual,1.275,0.01,9816668.31431134,8879825.0,https://www.binance.com/en/futures/RUNEUSDT
RVNUSDT,RVN,USDT,perpetual,0.013,0.005,4182065.15133477,437848692.0,https://www.binance.com/en/futures/RVNUSDT
SUSDT,S,USDT,perpetual,0.321,0.005,26968281.604535583,115746440.0,https://www.binance.com/en/futures/SUSDT
SAFEUSDT,SAFE,USDT,perpetual,0.41,0.005,1769431.0036095001,3135434.0,https://www.binance.com/en/futures/SAFEUSDT
SAGAUSDT,SAGA,USDT,perpetual,0.248,0.005,7034871.58822715,41633515.4,https://www.binance.com/en/futures/SAGAUSDT
SAHARAUSDT,SAHARA,USDT,perpetual,0.086,0.005,27918902.74769937,204976910.0,https://www.binance.com/en/futures/SAHARAUSDT
SANDUSD_PERP,SAND,USD,perpetual,0.275,0.01,51712.959599999995,6748101.15170166,https://www.binance.com/en/futures/SANDUSD_PERP
SANDUSDT,SAND,USDT,perpetual,0.275,0.01,16563510.50121965,78937814.0,https://www.binance.com/en/futures/SANDUSDT
SANTOSUSDT,SANTOS,USDT,perpetual,2.308,0.005,3595681.1121864077,4050227.4,https://www.binance.com/en/futures/SANTOSUSDT
SAPIENUSDT,SAPIEN,USDT,perpetual,0.192,-0.153,7900873.20078248,2987395890.0,https://www.binance.com/en/futures/SAPIENUSDT
SCRUSDT,SCR,USDT,perpetual,0.393,0.005,8780001.22230876,72690360.0,https://www.binance.com/en/futures/SCRUSDT
SCRTUSDT,SCRT,USDT,perpetual,0.178,0.005,1358688.8660754,13779331.0,https://www.binance.com/en/futures/SCRTUSDT
SEIUSDT,SEI,USDT,perpetual,0.292,-0.011,60826813.1986694,270050002.0,https://www.binance.com/en/futures/SEIUSDT
SFPUSDT,SFP,USDT,perpetual,0.451,0.01,4879770.1184454,3004932.0,https://www.binance.com/en/futures/SFPUSDT
SHELLUSDT,SHELL,USDT,perpetual,0.128,0.005,4460423.34483906,20922157.0,https://www.binance.com/en/futures/SHELLUSDT
SIGNUSDT,SIGN,USDT,perpetual,0.067,0.005,7548732.5403945595,34217344.0,https://www.binance.com/en/futures/SIGNUSDT
SIRENUSDT,SIREN,USDT,perpetual,0.095,0.007,3181189.2417174,195037218.0,https://www.binance.com/en/futures/SIRENUSDT
SKATEUSDT,SKATE,USDT,perpetual,0.042,0.005,2345557.1953124697,54088402.0,https://www.binance.com/en/futures/SKATEUSDT
SKLUSDT,SKL,USDT,perpetual,0.034,-0.48,13326956.15937,5791874805.0,https://www.binance.com/en/futures/SKLUSDT
SKYAIUSDT,SKYAI,USDT,perpetual,0.049,0.005,5019969.29625084,68064047.0,https://www.binance.com/en/futures/SKYAIUSDT
SLERFUSDT,SLERF,USDT,perpetual,0.073,0.005,1233821.3433149501,12950642.0,https://www.binance.com/en/futures/SLERFUSDT
SLPUSDT,SLP,USDT,perpetual,0.002,0.005,1073891.8405704,1156654105.0,https://www.binance.com/en/futures/SLPUSDT
SNXUSDT,SNX,USDT,perpetual,0.652,-0.002,5626836.126351693,15141604.5,https://www.binance.com/en/futures/SNXUSDT
SOLUSD_250627,SOL,USD,futures,140.66,0.0,28258734.66,20796.29864472,https://www.binance.com/en/futures/SOLUSD_250627
SOLUSD_250926,SOL,USD,futures,180.99,0.0,60392200.230000004,5185.47082026,https://www.binance.com/en/futures/SOLUSD_250926
SOLUSD_251226,SOL,USD,futures,182.68,0.0,36424199.84,3153.0596151,https://www.binance.com/en/futures/SOLUSD_251226
SOLUSD_PERP,SOL,USD,perpetual,180.24,0.009,192847720.0,1063461.58109322,https://www.binance.com/en/futures/SOLUSD_PERP
SOLUSDC,SOL,USDC,perpetual,180.26,0.002,100358697.3052509,3445512.79,https://www.binance.com/en/futures/SOLUSDC
SOLUSDT,SOL,USDT,perpetual,180.27,0.003,1790830802.166735,26754893.13,https://www.binance.com/en/futures/SOLUSDT
SOLVUSDT,SOLV,USDT,perpetual,0.043,0.005,31345359.16290721,64603484.0,https://www.binance.com/en/futures/SOLVUSDT
SONICUSDT,SONIC,USDT,perpetual,0.196,-0.064,4952992.484430576,12468243.0,https://www.binance.com/en/futures/SONICUSDT
SOONUSDT,SOON,USDT,perpetual,0.278,0.005,9728849.05619865,762566827.0,https://www.binance.com/en/futures/SOONUSDT
SOPHUSDT,SOPH,USDT,perpetual,0.033,-0.013,7458320.189788121,266480277.0,https://www.binance.com/en/futures/SOPHUSDT
SPELLUSDT,SPELL,USDT,perpetual,0.0,-0.01,2373183.47652969,6198755392.0,https://www.binance.com/en/futures/SPELLUSDT
SPKUSDT,SPK,USDT,perpetual,0.071,0.005,13853878.01742176,667903978.0,https://www.binance.com/en/futures/SPKUSDT
SPXUSDT,SPX,USDT,perpetual,1.268,0.005,18687747.37047207,29497848.0,https://www.binance.com/en/futures/SPXUSDT
SQDUSDT,SQD,USDT,perpetual,0.112,0.005,1426662.96594772,20486055.0,https://www.binance.com/en/futures/SQDUSDT
SSVUSDT,SSV,USDT,perpetual,8.436,-0.006,5676385.435849852,813944.79,https://www.binance.com/en/futures/SSVUSDT
STEEMUSDT,STEEM,USDT,perpetual,0.13,0.005,1840031.67837552,14981462.0,https://www.binance.com/en/futures/STEEMUSDT
STGUSDT,STG,USDT,perpetual,0.169,-0.051,3904921.29859364,39072640.0,https://www.binance.com/en/futures/STGUSDT
STOUSDT,STO,USDT,perpetual,0.088,0.005,2817441.08030034,28978374.0,https://www.binance.com/en/futures/STOUSDT
STORJUSDT,STORJ,USDT,perpetual,0.256,0.01,3317261.08207104,9800267.0,https://www.binance.com/en/futures/STORJUSDT
STRKUSDT,STRK,USDT,perpetual,0.128,0.001,13271569.39713456,181589800.2,https://www.binance.com/en/futures/STRKUSDT
STXUSDT,STX,USDT,perpetual,0.655,0.01,13203053.49254188,16052494.0,https://www.binance.com/en/futures/STXUSDT
SUIUSD_PERP,SUI,USD,perpetual,3.407,0.01,11759990.2866,8002587.90966583,https://www.binance.com/en/futures/SUIUSD_PERP
SUIUSDC,SUI,USDC,perpetual,3.411,0.01,17996491.56661419,19016661.1,https://www.binance.com/en/futures/SUIUSDC
SUIUSDT,SUI,USDT,perpetual,3.413,0.0,291044785.905067,184222740.5,https://www.binance.com/en/futures/SUIUSDT
SUNUSDT,SUN,USDT,perpetual,0.024,0.005,5602613.170571,99065902.0,https://www.binance.com/en/futures/SUNUSDT
SUPERUSDT,SUPER,USDT,perpetual,0.629,-0.001,4879532.02989868,7019350.0,https://www.binance.com/en/futures/SUPERUSDT
SUSHIUSDT,SUSHI,USDT,perpetual,0.761,0.01,9028221.36911718,20856366.0,https://www.binance.com/en/futures/SUSHIUSDT
SWARMSUSDT,SWARMS,USDT,perpetual,0.018,0.005,5982733.472763999,334278122.0,https://www.binance.com/en/futures/SWARMSUSDT
SWELLUSDT,SWELL,USDT,perpetual,0.01,0.005,2063923.9730575,152487797.0,https://www.binance.com/en/futures/SWELLUSDT
SXPUSDT,SXP,USDT,perpetual,0.173,0.01,3065685.535727708,17253400.2,https://www.binance.com/en/futures/SXPUSDT
SXTUSDT,SXT,USDT,perpetual,0.075,-0.017,3011748.5782985403,59872104.0,https://www.binance.com/en/futures/SXTUSDT
SYNUSDT,SYN,USDT,perpetual,0.134,-0.004,2303037.89198136,41048652.0,https://www.binance.com/en/futures/SYNUSDT
SYRUPUSDT,SYRUP,USDT,perpetual,0.407,-0.012,12888892.515020398,42048343.0,https://www.binance.com/en/futures/SYRUPUSDT
SYSUSDT,SYS,USDT,perpetual,0.042,0.005,1832546.6858772002,64560073.0,https://www.binance.com/en/futures/SYSUSDT
TUSDT,T,USDT,perpetual,0.016,0.005,2023946.07316979,190536903.0,https://www.binance.com/en/futures/TUSDT
TAUSDT,TA,USDT,perpetual,0.05,0.005,3860660.01770503,204924326.0,https://www.binance.com/en/futures/TAUSDT
TACUSDT,TAC,USDT,perpetual,0.013,0.005,2469760.07019105,259574077.0,https://www.binance.com/en/futures/TACUSDT
TAGUSDT,TAG,USDT,perpetual,0.001,0.005,3540048.42816845,9421313415.0,https://www.binance.com/en/futures/TAGUSDT
TAIKOUSDT,TAIKO,USDT,perpetual,0.408,0.005,1142237.4874999998,2869080.0,https://www.binance.com/en/futures/TAIKOUSDT
TANSSIUSDT,TANSSI,USDT,perpetual,0.046,0.005,2636101.09850065,167187315.0,https://www.binance.com/en/futures/TANSSIUSDT
TAOUSDT,TAO,USDT,perpetual,335.97,0.005,48578854.6051054,225421.442,https://www.binance.com/en/futures/TAOUSDT
THEUSDT,THE,USDT,perpetual,0.387,-0.001,3575968.5856578997,17542888.3,https://www.binance.com/en/futures/THEUSDT
THETAUSD_PERP,THETA,USD,perpetual,0.777,0.01,1134470.0,604355.23113465,https://www.binance.com/en/futures/THETAUSD_PERP
THETAUSDT,THETA,USDT,perpetual,0.777,0.01,10069614.5881391,12351043.9,https://www.binance.com/en/futures/THETAUSDT
TIAUSDC,TIA,USDC,perpetual,1.661,0.005,2781635.490353199,3095786.0,https://www.binance.com/en/futures/TIAUSDC
TIAUSDT,TIA,USDT,perpetual,1.665,0.005,49824865.58085972,47342852.0,https://www.binance.com/en/futures/TIAUSDT
TLMUSDT,TLM,USDT,perpetual,0.005,0.01,2219076.59203184,451169768.0,https://www.binance.com/en/futures/TLMUSDT
TNSRUSDT,TNSR,USDT,perpetual,0.12,0.005,2950068.21395731,18133510.6,https://www.binance.com/en/futures/TNSRUSDT
TOKENUSDT,TOKEN,USDT,perpetual,0.013,0.005,2035683.571636,143718827.0,https://www.binance.com/en/futures/TOKENUSDT
TONUSDT,TON,USDT,perpetual,3.309,-0.001,71238841.19974703,16765983.6,https://www.binance.com/en/futures/TONUSDT
TOWNSUSDT,TOWNS,USDT,perpetual,0.025,-0.027,7766461.05004759,1316399272.0,https://www.binance.com/en/futures/TOWNSUSDT
TRBUSDT,TRB,USDT,perpetual,35.416,0.002,14529174.65224322,1367516.2,https://www.binance.com/en/futures/TRBUSDT
TREEUSDT,TREE,USDT,perpetual,0.318,0.005,10932928.60743699,73981385.0,https://www.binance.com/en/futures/TREEUSDT
TRUUSDT,TRU,USDT,perpetual,0.031,0.01,3139773.635734889,72268668.0,https://www.binance.com/en/futures/TRUUSDT
TRUMPUSDC,TRUMP,USDC,perpetual,8.376,0.0,3818656.2592682107,1376624.24,https://www.binance.com/en/futures/TRUMPUSDC
TRUMPUSDT,TRUMP,USDT,perpetual,8.38,-0.011,128731131.2462931,31885568.03,https://www.binance.com/en/futures/TRUMPUSDT
TRXUSD_PERP,TRX,USD,perpetual,0.353,0.01,10453790.0,29115833.60044323,https://www.binance.com/en/futures/TRXUSD_PERP
TRXUSDT,TRX,USDT,perpetual,0.354,0.008,184064557.4376647,519982392.0,https://www.binance.com/en/futures/TRXUSDT
TSTUSDT,TST,USDT,perpetual,0.027,0.005,9645589.690427601,361236820.0,https://www.binance.com/en/futures/TSTUSDT
TURBOUSDT,TURBO,USDT,perpetual,0.004,-0.003,7453235.77351316,3793412133.0,https://www.binance.com/en/futures/TURBOUSDT
TUTUSDT,TUT,USDT,perpetual,0.059,0.005,29844539.0842725,367437610.0,https://www.binance.com/en/futures/TUTUSDT
TWTUSDT,TWT,USDT,perpetual,0.77,0.005,4182077.31809352,6243380.0,https://www.binance.com/en/futures/TWTUSDT
UMAUSDT,UMA,USDT,perpetual,1.482,0.002,9130078.00003572,45603330.0,https://www.binance.com/en/futures/UMAUSDT
UNIUSD_PERP,UNI,USD,perpetual,10.219,0.01,21040270.0,1641743.15634818,https://www.binance.com/en/futures/UNIUSD_PERP
UNIUSDC,UNI,USDC,perpetual,10.193,0.01,3289292.4724861,661302.0,https://www.binance.com/en/futures/UNIUSDC
UNIUSDT,UNI,USDT,perpetual,10.22,0.01,205933357.6649563,15242671.0,https://www.binance.com/en/futures/UNIUSDT
USDCUSDT,USDC,USDT,perpetual,1.0,-0.007,7223788.63452129,11605809.0,https://www.binance.com/en/futures/USDCUSDT
USELESSUSDT,USELESS,USDT,perpetual,0.214,0.005,4866246.926846,330116247.0,https://www.binance.com/en/futures/USELESSUSDT
USTCUSDT,USTC,USDT,perpetual,0.013,0.005,3379497.486048,191675214.0,https://www.binance.com/en/futures/USTCUSDT
USUALUSDT,USUAL,USDT,perpetual,0.065,-0.001,10528727.194734491,295280478.0,https://www.binance.com/en/futures/USUALUSDT
UXLINKUSDT,UXLINK,USDT,perpetual,0.308,0.005,3961312.9384500002,10854579.0,https://www.binance.com/en/futures/UXLINKUSDT
VANAUSDT,VANA,USDT,perpetual,4.071,0.005,4731109.479565057,622860.03,https://www.binance.com/en/futures/VANAUSDT
VANRYUSDT,VANRY,USDT,perpetual,0.03,0.005,3155582.35183857,170435609.0,https://www.binance.com/en/futures/VANRYUSDT
VELODROMEUSDT,VELODROME,USDT,perpetual,0.05,0.005,1530211.6680003898,30637213.0,https://www.binance.com/en/futures/VELODROMEUSDT
VELVETUSDT,VELVET,USDT,perpetual,0.058,0.005,1733752.76244225,95927130.0,https://www.binance.com/en/futures/VELVETUSDT
VETUSDT,VET,USDT,perpetual,0.024,0.0,19380717.68542225,880929396.0,https://www.binance.com/en/futures/VETUSDT
VICUSDT,VIC,USDT,perpetual,0.235,0.005,2981384.8191416,16237371.0,https://www.binance.com/en/futures/VICUSDT
VINEUSDT,VINE,USDT,perpetual,0.061,-0.022,11293658.85531236,770342528.0,https://www.binance.com/en/futures/VINEUSDT
VIRTUALUSDT,VIRTUAL,USDT,perpetual,1.18,0.003,26566894.595550127,61163319.5,https://www.binance.com/en/futures/VIRTUALUSDT
VOXELUSDT,VOXEL,USDT,perpetual,0.057,0.005,2208196.619,48437874.0,https://www.binance.com/en/futures/VOXELUSDT
VTHOUSDT,VTHO,USDT,perpetual,0.002,0.005,2580908.3783604,866621925.0,https://www.binance.com/en/futures/VTHOUSDT
VVVUSDT,VVV,USDT,perpetual,3.395,0.005,5084550.843690171,7853688.53,https://www.binance.com/en/futures/VVVUSDT
WUSDT,W,USDT,perpetual,0.078,-0.005,10558472.39689645,233611198.0,https://www.binance.com/en/futures/WUSDT
WALUSDT,WAL,USDT,perpetual,0.405,0.005,4818281.53908276,13018821.0,https://www.binance.com/en/futures/WALUSDT
WAXPUSDT,WAXP,USDT,perpetual,0.02,0.005,2131787.9118086,79882232.0,https://www.binance.com/en/futures/WAXPUSDT
WCTUSDT,WCT,USDT,perpetual,0.3,0.002,7178447.812372159,24091195.0,https://www.binance.com/en/futures/WCTUSDT
WIFUSD_PERP,WIF,USD,perpetual,0.846,0.01,305521.9167,6932412.19470545,https://www.binance.com/en/futures/WIFUSD_PERP
WIFUSDC,WIF,USDC,perpetual,0.847,0.005,2561189.449540332,14579365.1,https://www.binance.com/en/futures/WIFUSDC
WIFUSDT,WIF,USDT,perpetual,0.849,0.005,75067313.32323179,234770144.7,https://www.binance.com/en/futures/WIFUSDT
WLDUSD_PERP,WLD,USD,perpetual,0.93,0.01,495122.205,3010041.70425813,https://www.binance.com/en/futures/WLDUSD_PERP
WLDUSDC,WLD,USDC,perpetual,0.929,0.01,1775626.733825296,6341925.1,https://www.binance.com/en/futures/WLDUSDC
WLDUSDT,WLD,USDT,perpetual,0.933,0.01,58843805.92579268,101639292.0,https://www.binance.com/en/futures/WLDUSDT
WOOUSDT,WOO,USDT,perpetual,0.072,0.009,3021987.97364282,49760562.0,https://www.binance.com/en/futures/WOOUSDT
XAIUSDT,XAI,USDT,perpetual,0.048,0.005,4533454.35193143,158088042.0,https://www.binance.com/en/futures/XAIUSDT
XCNUSDT,XCN,USDT,perpetual,0.012,0.005,2298198.4428312,346586233.0,https://www.binance.com/en/futures/XCNUSDT
XLMUSD_PERP,XLM,USD,perpetual,0.391,0.01,6265250.0,19725853.51467394,https://www.binance.com/en/futures/XLMUSD_PERP
XLMUSDT,XLM,USDT,perpetual,0.391,0.01,75763383.90761246,225968331.0,https://www.binance.com/en/futures/XLMUSDT
XMRUSDT,XMR,USDT,perpetual,259.9,0.047,11470317.368496,100660.488,https://www.binance.com/en/futures/XMRUSDT
XNYUSDT,XNY,USDT,perpetual,0.009,0.005,13965733.278337019,18453578517.0,https://www.binance.com/en/futures/XNYUSDT
XRPUSD_250627,XRP,USD,futures,2.099,0.0,1130620.0,231875.22249633,https://www.binance.com/en/futures/XRPUSD_250627
XRPUSD_250926,XRP,USD,futures,2.865,0.0,2373210.0,171129.03977032,https://www.binance.com/en/futures/XRPUSD_250926
XRPUSD_251226,XRP,USD,futures,2.912,0.0,971240.0,127038.37493661,https://www.binance.com/en/futures/XRPUSD_251226
XRPUSD_PERP,XRP,USD,perpetual,2.85,0.01,197716080.0,61571649.278449,https://www.binance.com/en/futures/XRPUSD_PERP
XRPUSDC,XRP,USDC,perpetual,2.851,0.01,46291969.00066788,190576113.5,https://www.binance.com/en/futures/XRPUSDC
XRPUSDT,XRP,USDT,perpetual,2.85,0.01,888671535.6482451,525445235.4,https://www.binance.com/en/futures/XRPUSDT
XTZUSDT,XTZ,USDT,perpetual,0.8,0.005,12022653.27955863,29809464.7,https://www.binance.com/en/futures/XTZUSDT
XVGUSDT,XVG,USDT,perpetual,0.006,0.01,3734758.38113262,327730630.0,https://www.binance.com/en/futures/XVGUSDT
XVSUSDT,XVS,USDT,perpetual,6.144,0.01,2333632.3214328,302006.3,https://www.binance.com/en/futures/XVSUSDT
YALAUSDT,YALA,USDT,perpetual,0.162,0.005,4292642.5870696,147989864.0,https://www.binance.com/en/futures/YALAUSDT
YFIUSDT,YFI,USDT,perpetual,5410.0,-0.003,5478278.744509594,816.576,https://www.binance.com/en/futures/YFIUSDT
YGGUSDT,YGG,USDT,perpetual,0.153,0.004,4560756.00157044,21507362.0,https://www.binance.com/en/futures/YGGUSDT
ZECUSDT,ZEC,USDT,perpetual,42.37,-0.014,5305169.699607138,513671.315,https://www.binance.com/en/futures/ZECUSDT
ZENUSDT,ZEN,USDT,perpetual,7.604,0.01,719806.8535263452,972137.3,https://www.binance.com/en/futures/ZENUSDT
ZEREBROUSDT,ZEREBRO,USDT,perpetual,0.025,-0.013,5569986.04880289,1678036131.0,https://www.binance.com/en/futures/ZEREBROUSDT
ZETAUSDT,ZETA,USDT,perpetual,0.184,0.005,2487115.20216334,12437235.0,https://www.binance.com/en/futures/ZETAUSDT
ZILUSDT,ZIL,USDT,perpetual,0.011,0.005,5285823.19146102,719210942.0,https://www.binance.com/en/futures/ZILUSDT
ZKUSDT,ZK,USDT,perpetual,0.06,0.005,15984156.14450265,177351046.0,https://www.binance.com/en/futures/ZKUSDT
ZKJUSDT,ZKJ,USDT,perpetual,0.192,0.005,5366318.35946173,38881193.3,https://www.binance.com/en/futures/ZKJUSDT
ZORAUSDT,ZORA,USDT,perpetual,0.083,0.005,10398072.02989326,613841664.0,https://www.binance.com/en/futures/ZORAUSDT
ZRCUSDT,ZRC,USDT,perpetual,0.027,0.005,1062847.88825328,43272853.0,https://www.binance.com/en/futures/ZRCUSDT
ZROUSDT,ZRO,USDT,perpetual,1.914,0.005,16704833.917611124,8569174.5,https://www.binance.com/en/futures/ZROUSDT
ZRXUSDT,ZRX,USDT,perpetual,0.243,0.009,3940878.512957971,28703106.6,https://www.binance.com/en/futures/ZRXUSDT
