exchange_id,exchange_name,symbol,base,target,funding_rate,open_interest_usd,h24_volume,last,trade_url
binance_futures,Binance (Futures),AAVEUSD_PERP,AAVE,USD,0.01,250535056.59,103723.31433032,352.83,https://www.binance.com/en/futures/AAVEUSD_PERP
binance_futures,Binance (Futures),AAVEUSDC,AAVE,USDC,0.01,6226940.538021624,76915.2,351.74,https://www.binance.com/en/futures/AAVEUSDC
binance_futures,Binance (Futures),AAVEUSDT,AAVE,USDT,0.01,171486642.3984375,2052245.6,352.7,https://www.binance.com/en/futures/AAVEUSDT
binance_futures,Binance (Futures),ADAUSD_PERP,ADA,USD,0.01,46038650.0,195961161.0973455,0.911,https://www.binance.com/en/futures/ADAUSD_PERP
binance_futures,Binance (Futures),ADAUSDC,ADA,USDC,0.005,8798583.221403526,98488238.2,0.913,https://www.binance.com/en/futures/ADAUSDC
binance_futures,Binance (Futures),ADAUSDT,ADA,USDT,0.01,288904825.67475,1969396414.0,0.912,https://www.binance.com/en/futures/ADAUSDT
binance_futures,Binance (Futures),APTUSD_PERP,APT,USD,0.01,3133727.834,1686193.17272602,4.702,https://www.binance.com/en/futures/APTUSD_PERP
binance_futures,Binance (Futures),APTUSDT,APT,USDT,0.01,84398923.517076,45233763.0,4.704,https://www.binance.com/en/futures/APTUSDT
binance_futures,Binance (Futures),ARBUSDC,ARB,USDC,0.01,3937617.923684559,77996822.7,0.585,https://www.binance.com/en/futures/ARBUSDC
binance_futures,Binance (Futures),ARBUSDT,ARB,USDT,0.01,103984264.6433514,1482262218.3,0.586,https://www.binance.com/en/futures/ARBUSDT
binance_futures,Binance (Futures),ATOMUSD_PERP,ATOM,USD,0.01,1714485.408,1524497.63456098,4.832,https://www.binance.com/en/futures/ATOMUSD_PERP
binance_futures,Binance (Futures),ATOMUSDT,ATOM,USDT,0.01,35784484.22329527,20466892.59,4.831,https://www.binance.com/en/futures/ATOMUSDT
binance_futures,Binance (Futures),AVAXUSD_PERP,AVAX,USD,0.01,25561740.69,1428776.20695868,25.89,https://www.binance.com/en/futures/AVAXUSD_PERP
binance_futures,Binance (Futures),AVAXUSDC,AVAX,USDC,0.01,6717161.980880746,2220698.27,25.898,https://www.binance.com/en/futures/AVAXUSDC
binance_futures,Binance (Futures),AVAXUSDT,AVAX,USDT,0.01,204543629.4084871,38687730.0,25.868,https://www.binance.com/en/futures/AVAXUSDT
binance_futures,Binance (Futures),BCHUSD_PERP,BCH,USD,0.01,7481350.0,28995.76166867,584.73,https://www.binance.com/en/futures/BCHUSD_PERP
binance_futures,Binance (Futures),BCHUSDC,BCH,USDC,0.01,4165233.632945338,30132.181,585.16,https://www.binance.com/en/futures/BCHUSDC
binance_futures,Binance (Futures),BCHUSDT,BCH,USDT,0.01,271105715.03598,483946.593,585.18,https://www.binance.com/en/futures/BCHUSDT
binance_futures,Binance (Futures),BNBUSD_PERP,BNB,USD,0.041,104997410.0,261186.27349477,887.6,https://www.binance.com/en/futures/BNBUSD_PERP
binance_futures,Binance (Futures),BNBUSDC,BNB,USDC,0.008,43919798.99161826,242167.13,888.16,https://www.binance.com/en/futures/BNBUSDC
binance_futures,Binance (Futures),BNBUSDT,BNB,USDT,0.012,659244488.05887,1492933.56,887.48,https://www.binance.com/en/futures/BNBUSDT
binance_futures,Binance (Futures),BTCUSD_PERP,BTC,USD,0.01,3103114200.0,26227.11846994,115216.5,https://www.binance.com/en/futures/BTCUSD_PERP
binance_futures,Binance (Futures),BTCUSDC,BTC,USDC,0.01,888921869.9774108,35081.947,115261.2,https://www.binance.com/en/futures/BTCUSDC
binance_futures,Binance (Futures),BTCUSDT,BTC,USDT,0.01,10449691821.09884,199856.803,115247.0,https://www.binance.com/en/futures/BTCUSDT
binance_futures,Binance (Futures),CAKEUSDT,CAKE,USDT,0.005,17958121.09035581,15548832.0,2.753,https://www.binance.com/en/futures/CAKEUSDT
binance_futures,Binance (Futures),DOGEUSD_PERP,DOGE,USD,0.01,120053870.0,1520412420.408411,0.236,https://www.binance.com/en/futures/DOGEUSD_PERP
binance_futures,Binance (Futures),DOGEUSDC,DOGE,USDC,0.01,23021153.17719074,1424710786.0,0.236,https://www.binance.com/en/futures/DOGEUSDC
binance_futures,Binance (Futures),DOGEUSDT,DOGE,USDT,0.01,638748436.154652,13596350211.0,0.236,https://www.binance.com/en/futures/DOGEUSDT
binance_futures,Binance (Futures),DOTUSD_PERP,DOT,USD,0.01,16652450.0,7899742.4719212,4.131,https://www.binance.com/en/futures/DOTUSD_PERP
binance_futures,Binance (Futures),DOTUSDT,DOT,USDT,0.01,99223520.2859944,89480613.4,4.134,https://www.binance.com/en/futures/DOTUSDT
binance_futures,Binance (Futures),ENAUSDC,ENA,USDC,0.005,9580543.34525864,186810268.0,0.741,https://www.binance.com/en/futures/ENAUSDC
binance_futures,Binance (Futures),ENAUSDT,ENA,USDT,0.005,415765639.3301574,2307046951.0,0.743,https://www.binance.com/en/futures/ENAUSDT
binance_futures,Binance (Futures),ETCUSD_PERP,ETC,USD,0.01,14046310.0,1389858.49532641,23.818,https://www.binance.com/en/futures/ETCUSD_PERP
binance_futures,Binance (Futures),ETCUSDT,ETC,USDT,0.01,67751851.71009603,20310120.82,23.799,https://www.binance.com/en/futures/ETCUSDT
binance_futures,Binance (Futures),ETHUSD_PERP,ETH,USD,0.01,1378269340.0,1204027.67021182,4703.0,https://www.binance.com/en/futures/ETHUSD_PERP
binance_futures,Binance (Futures),ETHUSDC,ETH,USDC,0.01,1150703503.702453,2045072.555,4706.35,https://www.binance.com/en/futures/ETHUSDC
binance_futures,Binance (Futures),ETHUSDT,ETH,USDT,0.01,10964647781.45872,12310465.467,4703.59,https://www.binance.com/en/futures/ETHUSDT
binance_futures,Binance (Futures),HBARUSDC,HBAR,USDC,0.005,2514404.28690069,43362358.0,0.25,https://www.binance.com/en/futures/HBARUSDC
binance_futures,Binance (Futures),HBARUSDT,HBAR,USDT,0.01,66777313.29427896,934501430.0,0.25,https://www.binance.com/en/futures/HBARUSDT
binance_futures,Binance (Futures),HYPEUSDT,HYPE,USDT,0.013,129626555.61933249,9068629.18,43.569,https://www.binance.com/en/futures/HYPEUSDT
binance_futures,Binance (Futures),ICPUSDT,ICP,USDT,0.01,24557105.04615999,12198046.0,5.379,https://www.binance.com/en/futures/ICPUSDT
binance_futures,Binance (Futures),JUPUSDT,JUP,USDT,0.005,34115448.63893906,183813006.0,0.517,https://www.binance.com/en/futures/JUPUSDT
binance_futures,Binance (Futures),LINKUSD_PERP,LINK,USD,0.01,16119070.0,4069492.01936182,25.607,https://www.binance.com/en/futures/LINKUSD_PERP
binance_futures,Binance (Futures),LINKUSDC,LINK,USDC,0.01,13182137.70784553,5286042.0,25.647,https://www.binance.com/en/futures/LINKUSDC
binance_futures,Binance (Futures),LINKUSDT,LINK,USDT,0.01,263631157.8017292,66464145.91,25.605,https://www.binance.com/en/futures/LINKUSDT
binance_futures,Binance (Futures),LTCUSD_PERP,LTC,USD,0.01,37773280.0,347085.37231592,120.97,https://www.binance.com/en/futures/LTCUSD_PERP
binance_futures,Binance (Futures),LTCUSDC,LTC,USDC,0.01,7878586.828876333,280881.761,121.16,https://www.binance.com/en/futures/LTCUSDC
binance_futures,Binance (Futures),LTCUSDT,LTC,USDT,0.01,289791597.1484339,3822905.206,121.02,https://www.binance.com/en/futures/LTCUSDT
binance_futures,Binance (Futures),NEARUSD_PERP,NEAR,USD,0.01,1426965.48,7952658.99944263,2.67,https://www.binance.com/en/futures/NEARUSD_PERP
binance_futures,Binance (Futures),NEARUSDC,NEAR,USDC,0.01,9054724.0226299,5815271.0,2.671,https://www.binance.com/en/futures/NEARUSDC
binance_futures,Binance (Futures),NEARUSDT,NEAR,USDT,0.01,73110996.41343132,97355867.0,2.67,https://www.binance.com/en/futures/NEARUSDT
binance_futures,Binance (Futures),OPUSD_PERP,OP,USD,0.01,773206.5003999999,23593445.53225339,0.78,https://www.binance.com/en/futures/OPUSD_PERP
binance_futures,Binance (Futures),OPUSDT,OP,USDT,0.01,53275999.5841105,337617148.8,0.78,https://www.binance.com/en/futures/OPUSDT
binance_futures,Binance (Futures),PENGUUSDC,PENGU,USDC,0.005,4340391.54605784,1035950768.0,0.036,https://www.binance.com/en/futures/PENGUUSDC
binance_futures,Binance (Futures),PENGUUSDT,PENGU,USDT,0.005,105544552.08480385,19422599917.0,0.036,https://www.binance.com/en/futures/PENGUUSDT
binance_futures,Binance (Futures),POLUSDT,POL,USDT,0.005,25652473.41525,233160977.0,0.248,https://www.binance.com/en/futures/POLUSDT
binance_futures,Binance (Futures),PUMPUSDT,PUMP,USDT,0.033,93199190.210448,126030324723.0,0.003,https://www.binance.com/en/futures/PUMPUSDT
binance_futures,Binance (Futures),SEIUSDT,SEI,USDT,0.01,60493126.53485742,766131824.0,0.32,https://www.binance.com/en/futures/SEIUSDT
binance_futures,Binance (Futures),SOLUSD_PERP,SOL,USD,0.01,194722200.0,2741902.81440479,201.75,https://www.binance.com/en/futures/SOLUSD_PERP
binance_futures,Binance (Futures),SOLUSDC,SOL,USDC,0.01,112096312.10938,7888100.89,201.72,https://www.binance.com/en/futures/SOLUSDC
binance_futures,Binance (Futures),SOLUSDT,SOL,USDT,0.01,2258942571.027159,54501742.78,201.75,https://www.binance.com/en/futures/SOLUSDT
binance_futures,Binance (Futures),SUIUSD_PERP,SUI,USD,0.01,12692400.1662,17818468.43815114,3.734,https://www.binance.com/en/futures/SUIUSD_PERP
binance_futures,Binance (Futures),SUIUSDC,SUI,USDC,0.01,17953194.11280057,33325111.9,3.736,https://www.binance.com/en/futures/SUIUSDC
binance_futures,Binance (Futures),SUIUSDT,SUI,USDT,0.01,324247582.6629972,384550283.7,3.738,https://www.binance.com/en/futures/SUIUSDT
binance_futures,Binance (Futures),TONUSDT,TON,USDT,0.007,79226831.32131146,39228528.0,3.356,https://www.binance.com/en/futures/TONUSDT
binance_futures,Binance (Futures),TRUMPUSDC,TRUMP,USDC,0.005,3694703.690419904,2612191.84,8.851,https://www.binance.com/en/futures/TRUMPUSDC
binance_futures,Binance (Futures),TRUMPUSDT,TRUMP,USDT,0.005,139055452.52865312,52254845.96,8.853,https://www.binance.com/en/futures/TRUMPUSDT
binance_futures,Binance (Futures),TRXUSD_PERP,TRX,USD,0.01,10850880.0,45924110.1092464,0.361,https://www.binance.com/en/futures/TRXUSD_PERP
binance_futures,Binance (Futures),TRXUSDT,TRX,USDT,0.01,195572528.7819231,688982910.0,0.361,https://www.binance.com/en/futures/TRXUSDT
binance_futures,Binance (Futures),UNIUSD_PERP,UNI,USD,0.01,19665130.0,4102223.38224827,11.186,https://www.binance.com/en/futures/UNIUSD_PERP
binance_futures,Binance (Futures),UNIUSDC,UNI,USDC,0.01,3379378.6335067,1566866.0,11.162,https://www.binance.com/en/futures/UNIUSDC
binance_futures,Binance (Futures),UNIUSDT,UNI,USDT,0.01,229496945.9417912,38065332.0,11.182,https://www.binance.com/en/futures/UNIUSDT
binance_futures,Binance (Futures),USDCUSDT,USDC,USDT,-0.003,6289176.18636827,44209597.0,1.0,https://www.binance.com/en/futures/USDCUSDT
binance_futures,Binance (Futures),XLMUSD_PERP,XLM,USD,0.01,5853100.0,55172157.3023195,0.41,https://www.binance.com/en/futures/XLMUSD_PERP
binance_futures,Binance (Futures),XLMUSDT,XLM,USDT,0.01,80561340.18721187,628130492.0,0.41,https://www.binance.com/en/futures/XLMUSDT
binance_futures,Binance (Futures),XMRUSDT,XMR,USDT,0.01,11736941.926508,105012.565,263.55,https://www.binance.com/en/futures/XMRUSDT
binance_futures,Binance (Futures),XRPUSD_PERP,XRP,USD,0.01,198531070.0,134896518.8756369,3.036,https://www.binance.com/en/futures/XRPUSD_PERP
binance_futures,Binance (Futures),XRPUSDC,XRP,USDC,0.01,55196320.88298473,431827564.8,3.035,https://www.binance.com/en/futures/XRPUSDC
binance_futures,Binance (Futures),XRPUSDT,XRP,USDT,0.01,968305712.4675221,1382401763.1,3.037,https://www.binance.com/en/futures/XRPUSDT
bybit,Bybit (Futures),AAVEUSD,AAVE,USD,0.01,393721249.21999997,10408.1424,352.69,https://www.bybit.com/trade/usdt/AAVEUSD
bybit,Bybit (Futures),AAVEPERP,AAVE,USDC,0.005,1995360.4299999997,499.97,351.66,https://www.bybit.com/trade/usdt/AAVEPERP
bybit,Bybit (Futures),AAVEUSDT,AAVE,USDT,0.01,160271788.1404,1067623.46,352.58,https://www.bybit.com/trade/usdt/AAVEUSDT
bybit,Bybit (Futures),ADAUSD,ADA,USD,0.01,26539918.0,42327975.2235,0.913,https://www.bybit.com/trade/usdt/ADAUSD
bybit,Bybit (Futures),ADAUSDT,ADA,USDT,0.01,263811901.8844,910995785.0,0.913,https://www.bybit.com/trade/usdt/ADAUSDT
bybit,Bybit (Futures),APTUSD,APT,USD,0.01,1309837.0,71113.0694,4.68,https://www.bybit.com/trade/usdt/APTUSD
bybit,Bybit (Futures),APTUSDT,APT,USDT,0.01,82747345.96463999,19050413.74,4.718,https://www.bybit.com/trade/usdt/APTUSDT
bybit,Bybit (Futures),ARBPERP,ARB,USDC,0.01,1135389.16328,4351612.9,0.585,https://www.bybit.com/trade/usdt/ARBPERP
bybit,Bybit (Futures),ARBUSDT,ARB,USDT,0.01,113060203.85952,804369648.9,0.586,https://www.bybit.com/trade/usdt/ARBUSDT
bybit,Bybit (Futures),ATOMUSDT,ATOM,USDT,0.01,39530277.298,10131846.6,4.839,https://www.bybit.com/trade/usdt/ATOMUSDT
bybit,Bybit (Futures),AVAXUSD,AVAX,USD,0.021,4102842.0,160504.6329,25.823,https://www.bybit.com/trade/usdt/AVAXUSD
bybit,Bybit (Futures),AVAXUSDT,AVAX,USDT,0.01,140866853.16,11559181.0,25.905,https://www.bybit.com/trade/usdt/AVAXUSDT
bybit,Bybit (Futures),BCHUSD,BCH,USD,0.01,735965432.58,1122.5264,586.11,https://www.bybit.com/trade/usdt/BCHUSD
bybit,Bybit (Futures),BCHPERP,BCH,USDC,0.005,2944449.5832,838.38,583.93,https://www.bybit.com/trade/usdt/BCHPERP
bybit,Bybit (Futures),BCHUSDT,BCH,USDT,0.01,70473929.99000001,107299.94,585.3,https://www.bybit.com/trade/usdt/BCHUSDT
bybit,Bybit (Futures),BNBPERP,BNB,USDC,0.01,5782550.825,669.01,886.8,https://www.bybit.com/trade/usdt/BNBPERP
bybit,Bybit (Futures),BNBUSDT,BNB,USDT,0.01,187718967.8,253635.94,888.1,https://www.bybit.com/trade/usdt/BNBUSDT
bybit,Bybit (Futures),BTCUSD,BTC,USD,0.01,1697278532.0,9649.6845,115238.0,https://www.bybit.com/trade/usdt/BTCUSD
bybit,Bybit (Futures),BTCPERP,BTC,USDC,0.01,161708634.2976,1152.656,115289.0,https://www.bybit.com/trade/usdt/BTCPERP
bybit,Bybit (Futures),BTCUSDT,BTC,USDT,0.01,7116637034.34796,108271.574,115265.1,https://www.bybit.com/trade/usdt/BTCUSDT
bybit,Bybit (Futures),CAKEUSDT,CAKE,USDT,0.005,11930167.7496,2894265.4,2.752,https://www.bybit.com/trade/usdt/CAKEUSDT
bybit,Bybit (Futures),CROUSDT,CRO,USDT,0.01,9685051.584040001,43054144.0,0.154,https://www.bybit.com/trade/usdt/CROUSDT
bybit,Bybit (Futures),DOGEUSD,DOGE,USD,0.01,3098785.67029,70942799.2936,0.235,https://www.bybit.com/trade/usdt/DOGEUSD
bybit,Bybit (Futures),DOGEPERP,DOGE,USDC,0.01,6610700.21082,16678375.0,0.236,https://www.bybit.com/trade/usdt/DOGEPERP
bybit,Bybit (Futures),DOGEUSDT,DOGE,USDT,0.01,466011478.5438,4757462791.0,0.236,https://www.bybit.com/trade/usdt/DOGEUSDT
bybit,Bybit (Futures),DOTUSD,DOT,USD,0.01,12243088.0,1842282.1908,4.14,https://www.bybit.com/trade/usdt/DOTUSD
bybit,Bybit (Futures),DOTPERP,DOT,USDC,0.01,1598624.1408,172017.7,4.129,https://www.bybit.com/trade/usdt/DOTPERP
bybit,Bybit (Futures),DOTUSDT,DOT,USDT,0.01,89057771.32824,27933270.9,4.138,https://www.bybit.com/trade/usdt/DOTUSDT
bybit,Bybit (Futures),ENAPERP,ENA,USDC,0.01,4016082.1012,3262688.0,0.743,https://www.bybit.com/trade/usdt/ENAPERP
bybit,Bybit (Futures),ENAUSDT,ENA,USDT,0.005,308538229.9888,1153078016.0,0.743,https://www.bybit.com/trade/usdt/ENAUSDT
bybit,Bybit (Futures),ETCUSD,ETC,USD,0.01,901102.0,99436.5961,23.812,https://www.bybit.com/trade/usdt/ETCUSD
bybit,Bybit (Futures),ETCPERP,ETC,USDC,0.01,2464665.1648000004,56352.6,23.779,https://www.bybit.com/trade/usdt/ETCPERP
bybit,Bybit (Futures),ETCUSDT,ETC,USDT,0.01,54781648.51200001,6540829.8,23.86,https://www.bybit.com/trade/usdt/ETCUSDT
bybit,Bybit (Futures),ETHUSD,ETH,USD,0.01,436436646.0,175780.4624,4708.29,https://www.bybit.com/trade/usdt/ETHUSD
bybit,Bybit (Futures),ETHPERP,ETH,USDC,0.01,75132623.87020001,31226.55,4707.31,https://www.bybit.com/trade/usdt/ETHPERP
bybit,Bybit (Futures),ETHUSDT,ETH,USDT,0.01,5350243649.943999,4706392.66,4709.38,https://www.bybit.com/trade/usdt/ETHUSDT
bybit,Bybit (Futures),HBARPERP,HBAR,USDC,0.005,183946.69872000001,285531.0,0.25,https://www.bybit.com/trade/usdt/HBARPERP
bybit,Bybit (Futures),HBARUSDT,HBAR,USDT,0.01,58239669.92462999,555668017.0,0.25,https://www.bybit.com/trade/usdt/HBARUSDT
bybit,Bybit (Futures),HYPEPERP,HYPE,USDC,0.005,746948.1225,12295.65,43.61,https://www.bybit.com/trade/usdt/HYPEPERP
bybit,Bybit (Futures),HYPEUSDT,HYPE,USDT,0.01,229018897.51650003,5690168.37,43.545,https://www.bybit.com/trade/usdt/HYPEUSDT
bybit,Bybit (Futures),ICPUSDT,ICP,USDT,0.01,33858634.324,5191790.9,5.389,https://www.bybit.com/trade/usdt/ICPUSDT
bybit,Bybit (Futures),JUPUSDT,JUP,USDT,0.005,24752356.2468,102447986.0,0.518,https://www.bybit.com/trade/usdt/JUPUSDT
bybit,Bybit (Futures),LINKUSD,LINK,USD,0.01,148098834.8,413041.0028,25.529,https://www.bybit.com/trade/usdt/LINKUSD
bybit,Bybit (Futures),LINKPERP,LINK,USDC,0.008,4784644.698,89914.47,25.529,https://www.bybit.com/trade/usdt/LINKPERP
bybit,Bybit (Futures),LINKUSDT,LINK,USDT,0.01,270383569.0864,30524876.1,25.667,https://www.bybit.com/trade/usdt/LINKUSDT
bybit,Bybit (Futures),LTCUSD,LTC,USD,0.01,7633634.0,38270.7026,121.07,https://www.bybit.com/trade/usdt/LTCUSD
bybit,Bybit (Futures),LTCPERP,LTC,USDC,0.005,2663368.392,3666.4,120.96,https://www.bybit.com/trade/usdt/LTCPERP
bybit,Bybit (Futures),LTCUSDT,LTC,USDT,0.01,150475452.4619999,1552251.3,121.17,https://www.bybit.com/trade/usdt/LTCUSDT
bybit,Bybit (Futures),MNTUSD,MNT,USD,0.017,3306651.5696,1368553.0055,1.269,https://www.bybit.com/trade/usdt/MNTUSD
bybit,Bybit (Futures),MNTPERP,MNT,USDC,0.045,538013.6313599999,419703.1,1.269,https://www.bybit.com/trade/usdt/MNTPERP
bybit,Bybit (Futures),MNTUSDT,MNT,USDT,0.01,87078132.93115999,64628626.0,1.269,https://www.bybit.com/trade/usdt/MNTUSDT
bybit,Bybit (Futures),NEARUSD,NEAR,USD,0.01,2114762.0,331829.1223,2.666,https://www.bybit.com/trade/usdt/NEARUSD
bybit,Bybit (Futures),NEARUSDT,NEAR,USDT,0.01,60772277.511,50101159.6,2.673,https://www.bybit.com/trade/usdt/NEARUSDT
bybit,Bybit (Futures),OPUSD,OP,USD,0.022,797694.0,906325.8134,0.781,https://www.bybit.com/trade/usdt/OPUSD
bybit,Bybit (Futures),OPPERP,OP,USDC,0.01,1217742.924,629714.0,0.781,https://www.bybit.com/trade/usdt/OPPERP
bybit,Bybit (Futures),OPUSDT,OP,USDT,0.01,51466673.01496,118797053.7,0.782,https://www.bybit.com/trade/usdt/OPUSDT
bybit,Bybit (Futures),PENGUPERP,PENGU,USDC,0.005,796154.1772800001,38334760.0,0.036,https://www.bybit.com/trade/usdt/PENGUPERP
bybit,Bybit (Futures),PENGUUSDT,PENGU,USDT,0.005,66317277.39975999,7042375250.0,0.036,https://www.bybit.com/trade/usdt/PENGUUSDT
bybit,Bybit (Futures),POLPERP,POL,USDC,0.01,391374.6664,950203.0,0.248,https://www.bybit.com/trade/usdt/POLPERP
bybit,Bybit (Futures),POLUSDT,POL,USDT,0.005,26667652.7152,130678612.0,0.248,https://www.bybit.com/trade/usdt/POLUSDT
bybit,Bybit (Futures),PUMPUSDT,PUMP,USDT,0.0,0.0,12747350.0,0.059,https://www.bybit.com/trade/usdt/PUMPUSDT
bybit,Bybit (Futures),SEIPERP,SEI,USDC,0.005,136535.64198000001,1540366.0,0.318,https://www.bybit.com/trade/usdt/SEIPERP
bybit,Bybit (Futures),SEIUSDT,SEI,USDT,0.01,61591641.81714,508106900.0,0.32,https://www.bybit.com/trade/usdt/SEIUSDT
bybit,Bybit (Futures),SOLUSD,SOL,USD,0.01,56272228.0,389721.8803,201.87,https://www.bybit.com/trade/usdt/SOLUSD
bybit,Bybit (Futures),SOLPERP,SOL,USDC,0.01,15260132.308400001,95488.2,202.0,https://www.bybit.com/trade/usdt/SOLPERP
bybit,Bybit (Futures),SOLUSDT,SOL,USDT,0.01,1570512215.958,27168365.6,202.01,https://www.bybit.com/trade/usdt/SOLUSDT
bybit,Bybit (Futures),SUIUSD,SUI,USD,0.01,50364942.4128,2447390.5611,3.725,https://www.bybit.com/trade/usdt/SUIUSD
bybit,Bybit (Futures),SUIPERP,SUI,USDC,0.01,4493896.70268,518279.2,3.736,https://www.bybit.com/trade/usdt/SUIPERP
bybit,Bybit (Futures),SUIUSDT,SUI,USDT,0.01,266110950.82,174421760.0,3.739,https://www.bybit.com/trade/usdt/SUIUSDT
bybit,Bybit (Futures),TONUSD,TON,USD,0.028,5681382.585,138610.6722,3.357,https://www.bybit.com/trade/usdt/TONUSD
bybit,Bybit (Futures),TONPERP,TON,USDC,0.01,1310841.6772,42293.4,3.354,https://www.bybit.com/trade/usdt/TONPERP
bybit,Bybit (Futures),TONUSDT,TON,USDT,0.005,94312865.68526,24787396.6,3.358,https://www.bybit.com/trade/usdt/TONUSDT
bybit,Bybit (Futures),TRUMPPERP,TRUMP,USDC,0.005,933362.0519999999,8409.9,8.834,https://www.bybit.com/trade/usdt/TRUMPPERP
bybit,Bybit (Futures),TRUMPUSDT,TRUMP,USDT,0.005,90480164.35499999,17969215.8,8.835,https://www.bybit.com/trade/usdt/TRUMPUSDT
bybit,Bybit (Futures),TRXUSDT,TRX,USDT,0.01,108452128.0641,181473044.0,0.362,https://www.bybit.com/trade/usdt/TRXUSDT
bybit,Bybit (Futures),UNIUSD,UNI,USD,0.01,24258583.154,111993.596,11.177,https://www.bybit.com/trade/usdt/UNIUSD
bybit,Bybit (Futures),UNIPERP,UNI,USDC,0.005,1702016.7848,28698.8,11.186,https://www.bybit.com/trade/usdt/UNIPERP
bybit,Bybit (Futures),UNIUSDT,UNI,USDT,0.01,66957026.08,9572474.1,11.195,https://www.bybit.com/trade/usdt/UNIUSDT
bybit,Bybit (Futures),USDCUSDT,USDC,USDT,0.0,3880348.95556,1429900.4,1.0,https://www.bybit.com/trade/usdt/USDCUSDT
bybit,Bybit (Futures),XLMUSD,XLM,USD,0.014,888239.20416,4363610.0245,0.41,https://www.bybit.com/trade/usdt/XLMUSD
bybit,Bybit (Futures),XLMPERP,XLM,USDC,0.01,2029237.9270799998,459194.0,0.41,https://www.bybit.com/trade/usdt/XLMPERP
bybit,Bybit (Futures),XLMUSDT,XLM,USDT,0.01,56713571.3343,223462681.0,0.411,https://www.bybit.com/trade/usdt/XLMUSDT
bybit,Bybit (Futures),XMRUSDT,XMR,USDT,0.01,14776079.017900001,57089.44,263.55,https://www.bybit.com/trade/usdt/XMRUSDT
bybit,Bybit (Futures),XRPUSD,XRP,USD,0.01,159817980.0,59780977.6352,3.038,https://www.bybit.com/trade/usdt/XRPUSD
bybit,Bybit (Futures),XRPPERP,XRP,USDC,0.01,18971572.1676,4867627.0,3.038,https://www.bybit.com/trade/usdt/XRPPERP
bybit,Bybit (Futures),XRPUSDT,XRP,USDT,0.01,936799876.0508,756206116.0,3.039,https://www.bybit.com/trade/usdt/XRPUSDT
bitget_futures,Bitget Futures,AAVEPERP_CMCBL,AAVE,PERP,0.01,0.0,0.0,351.98,https://www.bitget.com/mix/usdt/AAVEPERP_CMCBL
bitget_futures,Bitget Futures,AAVEUSD_DMCBL,AAVE,USD,0.01,1338049.328,0.0,352.48,https://www.bitget.com/mix/usd/AAVEUSD_DMCBL
bitget_futures,Bitget Futures,AAVEUSDT_UMCBL,AAVE,USDT,0.01,96949509.61965095,0.0,353.69,https://www.bitget.com/mix/usdt/AAVEUSDT_UMCBL
bitget_futures,Bitget Futures,ADAPERP_CMCBL,ADA,PERP,0.005,0.0,0.0,0.909,https://www.bitget.com/mix/usdt/ADAPERP_CMCBL
bitget_futures,Bitget Futures,ADAUSD_DMCBL,ADA,USD,0.045,49441399.5168,0.0,0.914,https://www.bitget.com/mix/usd/ADAUSD_DMCBL
bitget_futures,Bitget Futures,ADAUSDT_UMCBL,ADA,USDT,0.01,309015488.78032815,0.0,0.914,https://www.bitget.com/mix/usdt/ADAUSDT_UMCBL
bitget_futures,Bitget Futures,APTPERP_CMCBL,APT,PERP,0.01,0.0,0.0,4.679,https://www.bitget.com/mix/usdt/APTPERP_CMCBL
bitget_futures,Bitget Futures,APTUSD_DMCBL,APT,USD,0.01,2335530.3684,0.0,4.715,https://www.bitget.com/mix/usd/APTUSD_DMCBL
bitget_futures,Bitget Futures,APTUSDT_UMCBL,APT,USDT,0.01,54308706.40976301,0.0,4.717,https://www.bitget.com/mix/usdt/APTUSDT_UMCBL
bitget_futures,Bitget Futures,ARBPERP_CMCBL,ARB,PERP,0.01,0.0,0.0,0.586,https://www.bitget.com/mix/usdt/ARBPERP_CMCBL
bitget_futures,Bitget Futures,ARBUSDT_UMCBL,ARB,USDT,0.01,80020011.96569733,0.0,0.586,https://www.bitget.com/mix/usdt/ARBUSDT_UMCBL
bitget_futures,Bitget Futures,ATOMUSDT_UMCBL,ATOM,USDT,0.01,17505823.012029048,0.0,4.848,https://www.bitget.com/mix/usdt/ATOMUSDT_UMCBL
bitget_futures,Bitget Futures,AVAXPERP_CMCBL,AVAX,PERP,0.01,0.0,0.0,25.945,https://www.bitget.com/mix/usdt/AVAXPERP_CMCBL
bitget_futures,Bitget Futures,AVAXUSD_DMCBL,AVAX,USD,0.07,6958081.0132,0.0,25.88,https://www.bitget.com/mix/usd/AVAXUSD_DMCBL
bitget_futures,Bitget Futures,AVAXUSDT_UMCBL,AVAX,USDT,0.01,130901481.87269726,0.0,25.968,https://www.bitget.com/mix/usdt/AVAXUSDT_UMCBL
bitget_futures,Bitget Futures,BCHPERP_CMCBL,BCH,PERP,0.01,0.0,0.0,585.32,https://www.bitget.com/mix/usdt/BCHPERP_CMCBL
bitget_futures,Bitget Futures,BCHUSD_DMCBL,BCH,USD,0.0,2485964.5581,0.0,584.97,https://www.bitget.com/mix/usd/BCHUSD_DMCBL
bitget_futures,Bitget Futures,BCHUSDT_UMCBL,BCH,USDT,0.01,50428496.00224126,0.0,585.48,https://www.bitget.com/mix/usdt/BCHUSDT_UMCBL
bitget_futures,Bitget Futures,BGBUSDT_UMCBL,BGB,USDT,0.001,134851470.27592617,0.0,4.718,https://www.bitget.com/mix/usdt/BGBUSDT_UMCBL
bitget_futures,Bitget Futures,BNBPERP_CMCBL,BNB,PERP,0.01,0.0,0.0,888.46,https://www.bitget.com/mix/usdt/BNBPERP_CMCBL
bitget_futures,Bitget Futures,BNBUSDT_UMCBL,BNB,USDT,0.01,107073495.25982177,0.0,888.48,https://www.bitget.com/mix/usdt/BNBUSDT_UMCBL
bitget_futures,Bitget Futures,BTCPERP_CMCBL,BTC,PERP,0.01,0.0,0.0,115246.5,https://www.bitget.com/mix/usdt/BTCPERP_CMCBL
bitget_futures,Bitget Futures,BTCUSD_DMCBL,BTC,USD,0.01,2317785523.53956,0.0,115303.4,https://www.bitget.com/mix/usd/BTCUSD_DMCBL
bitget_futures,Bitget Futures,BTCUSD_DMCBL_250627,BTC,USD,0.0,1601371.495,0.0,107172.5,https://www.bitget.com/mix/usd/BTCUSD_DMCBL_250627
bitget_futures,Bitget Futures,BTCUSD_DMCBL_250926,BTC,USD,0.0,11095229.2311,0.0,116094.1,https://www.bitget.com/mix/usd/BTCUSD_DMCBL_250926
bitget_futures,Bitget Futures,BTCUSD_DMCBL_251226,BTC,USD,0.0,44386458.977,0.0,118400.2,https://www.bitget.com/mix/usd/BTCUSD_DMCBL_251226
bitget_futures,Bitget Futures,BTCUSDT_UMCBL,BTC,USDT,0.01,8263716365.470008,0.0,115335.6,https://www.bitget.com/mix/usdt/BTCUSDT_UMCBL
bitget_futures,Bitget Futures,CAKEUSDT_UMCBL,CAKE,USDT,0.005,4239142.440556863,0.0,2.757,https://www.bitget.com/mix/usdt/CAKEUSDT_UMCBL
bitget_futures,Bitget Futures,CROUSDT_UMCBL,CRO,USDT,0.01,23468633.696287714,0.0,0.154,https://www.bitget.com/mix/usdt/CROUSDT_UMCBL
bitget_futures,Bitget Futures,DOGEPERP_CMCBL,DOGE,PERP,0.01,0.0,0.0,0.236,https://www.bitget.com/mix/usdt/DOGEPERP_CMCBL
bitget_futures,Bitget Futures,DOGEUSD_DMCBL,DOGE,USD,0.032,61160854.29454,0.0,0.236,https://www.bitget.com/mix/usd/DOGEUSD_DMCBL
bitget_futures,Bitget Futures,DOGEUSDT_UMCBL,DOGE,USDT,0.01,331361145.8204477,0.0,0.236,https://www.bitget.com/mix/usdt/DOGEUSDT_UMCBL
bitget_futures,Bitget Futures,DOTPERP_CMCBL,DOT,PERP,0.01,0.0,0.0,4.139,https://www.bitget.com/mix/usdt/DOTPERP_CMCBL
bitget_futures,Bitget Futures,DOTUSD_DMCBL,DOT,USD,0.133,25139070.347999997,0.0,4.151,https://www.bitget.com/mix/usd/DOTUSD_DMCBL
bitget_futures,Bitget Futures,DOTUSDT_UMCBL,DOT,USDT,0.01,128012308.99335626,0.0,4.143,https://www.bitget.com/mix/usdt/DOTUSDT_UMCBL
bitget_futures,Bitget Futures,ENAPERP_CMCBL,ENA,PERP,0.005,0.0,0.0,0.743,https://www.bitget.com/mix/usdt/ENAPERP_CMCBL
bitget_futures,Bitget Futures,ENAUSDT_UMCBL,ENA,USDT,0.005,166222721.49708226,0.0,0.743,https://www.bitget.com/mix/usdt/ENAUSDT_UMCBL
bitget_futures,Bitget Futures,ETCPERP_CMCBL,ETC,PERP,0.01,0.0,0.0,23.886,https://www.bitget.com/mix/usdt/ETCPERP_CMCBL
bitget_futures,Bitget Futures,ETCUSD_DMCBL,ETC,USD,0.01,448241.01,0.0,23.835,https://www.bitget.com/mix/usd/ETCUSD_DMCBL
bitget_futures,Bitget Futures,ETCUSDT_UMCBL,ETC,USDT,0.01,35886173.98744903,0.0,23.903,https://www.bitget.com/mix/usdt/ETCUSDT_UMCBL
bitget_futures,Bitget Futures,ETHPERP_CMCBL,ETH,PERP,0.01,0.0,0.0,4708.93,https://www.bitget.com/mix/usdt/ETHPERP_CMCBL
bitget_futures,Bitget Futures,ETHUSD_DMCBL,ETH,USD,0.01,1359277115.4945,0.0,4708.39,https://www.bitget.com/mix/usd/ETHUSD_DMCBL
bitget_futures,Bitget Futures,ETHUSD_DMCBL_250627,ETH,USD,0.0,392252.32450000005,0.0,2441.05,https://www.bitget.com/mix/usd/ETHUSD_DMCBL_250627
bitget_futures,Bitget Futures,ETHUSD_DMCBL_250926,ETH,USD,0.0,18444523.7892,0.0,4730.02,https://www.bitget.com/mix/usd/ETHUSD_DMCBL_250926
bitget_futures,Bitget Futures,ETHUSD_DMCBL_251226,ETH,USD,0.0,9422267.2635,0.0,4827.55,https://www.bitget.com/mix/usd/ETHUSD_DMCBL_251226
bitget_futures,Bitget Futures,ETHUSDT_UMCBL,ETH,USDT,0.01,5596042023.762236,0.0,4710.0,https://www.bitget.com/mix/usdt/ETHUSDT_UMCBL
bitget_futures,Bitget Futures,FLOKIUSDT_UMCBL,FLOKI,USDT,0.01,18582178.96671109,0.0,0.0,https://www.bitget.com/mix/usdt/FLOKIUSDT_UMCBL
bitget_futures,Bitget Futures,HBARPERP_CMCBL,HBAR,PERP,0.005,0.0,0.0,0.249,https://www.bitget.com/mix/usdt/HBARPERP_CMCBL
bitget_futures,Bitget Futures,HBARUSDT_UMCBL,HBAR,USDT,0.021,163159550.9122195,0.0,0.25,https://www.bitget.com/mix/usdt/HBARUSDT_UMCBL
bitget_futures,Bitget Futures,HYPEUSDT_UMCBL,HYPE,USDT,0.019,114935842.89457206,0.0,43.738,https://www.bitget.com/mix/usdt/HYPEUSDT_UMCBL
bitget_futures,Bitget Futures,ICPUSDT_UMCBL,ICP,USDT,0.01,16683697.302502643,0.0,5.399,https://www.bitget.com/mix/usdt/ICPUSDT_UMCBL
bitget_futures,Bitget Futures,JUPUSDT_UMCBL,JUP,USDT,0.005,21064047.70689204,0.0,0.518,https://www.bitget.com/mix/usdt/JUPUSDT_UMCBL
bitget_futures,Bitget Futures,LINKPERP_CMCBL,LINK,PERP,0.01,0.0,0.0,25.69,https://www.bitget.com/mix/usdt/LINKPERP_CMCBL
bitget_futures,Bitget Futures,LINKUSD_DMCBL,LINK,USD,0.052,57166403.404999994,0.0,25.705,https://www.bitget.com/mix/usd/LINKUSD_DMCBL
bitget_futures,Bitget Futures,LINKUSDT_UMCBL,LINK,USDT,0.01,268142639.5036856,0.0,25.715,https://www.bitget.com/mix/usdt/LINKUSDT_UMCBL
bitget_futures,Bitget Futures,LTCPERP_CMCBL,LTC,PERP,0.01,0.0,0.0,121.22,https://www.bitget.com/mix/usdt/LTCPERP_CMCBL
bitget_futures,Bitget Futures,LTCUSD_DMCBL,LTC,USD,0.022,36477589.463,0.0,121.31,https://www.bitget.com/mix/usd/LTCUSD_DMCBL
bitget_futures,Bitget Futures,LTCUSDT_UMCBL,LTC,USDT,0.01,128210560.29086207,0.0,121.23,https://www.bitget.com/mix/usdt/LTCUSDT_UMCBL
bitget_futures,Bitget Futures,NEARPERP_CMCBL,NEAR,PERP,0.01,0.0,0.0,2.675,https://www.bitget.com/mix/usdt/NEARPERP_CMCBL
bitget_futures,Bitget Futures,NEARUSD_DMCBL,NEAR,USD,0.01,2759262.911,0.0,2.669,https://www.bitget.com/mix/usd/NEARUSD_DMCBL
bitget_futures,Bitget Futures,NEARUSDT_UMCBL,NEAR,USDT,0.01,65065770.09700838,0.0,2.674,https://www.bitget.com/mix/usdt/NEARUSDT_UMCBL
bitget_futures,Bitget Futures,OPPERP_CMCBL,OP,PERP,0.01,0.0,0.0,0.782,https://www.bitget.com/mix/usdt/OPPERP_CMCBL
bitget_futures,Bitget Futures,OPUSD_DMCBL,OP,USD,0.01,3445609.0022400003,0.0,0.782,https://www.bitget.com/mix/usd/OPUSD_DMCBL
bitget_futures,Bitget Futures,OPUSDT_UMCBL,OP,USDT,0.01,33069389.001878694,0.0,0.783,https://www.bitget.com/mix/usdt/OPUSDT_UMCBL
bitget_futures,Bitget Futures,PENGUPERP_CMCBL,PENGU,PERP,0.005,0.0,0.0,0.036,https://www.bitget.com/mix/usdt/PENGUPERP_CMCBL
bitget_futures,Bitget Futures,PENGUUSDT_UMCBL,PENGU,USDT,0.005,49086872.93707701,0.0,0.036,https://www.bitget.com/mix/usdt/PENGUUSDT_UMCBL
bitget_futures,Bitget Futures,PEPEPERP_CMCBL,PEPE,PERP,0.01,0.0,0.0,0.0,https://www.bitget.com/mix/usdt/PEPEPERP_CMCBL
bitget_futures,Bitget Futures,PEPEUSDT_UMCBL,PEPE,USDT,0.01,207008572.06954637,0.0,0.0,https://www.bitget.com/mix/usdt/PEPEUSDT_UMCBL
bitget_futures,Bitget Futures,PIPERP_CMCBL,PI,PERP,0.005,0.0,0.0,0.358,https://www.bitget.com/mix/usdt/PIPERP_CMCBL
bitget_futures,Bitget Futures,PIUSDT_UMCBL,PI,USDT,0.005,32930378.121471245,0.0,0.358,https://www.bitget.com/mix/usdt/PIUSDT_UMCBL
bitget_futures,Bitget Futures,POLPERP_CMCBL,POL,PERP,0.01,0.0,0.0,0.248,https://www.bitget.com/mix/usdt/POLPERP_CMCBL
bitget_futures,Bitget Futures,POLUSDT_UMCBL,POL,USDT,0.005,25843709.43922271,0.0,0.248,https://www.bitget.com/mix/usdt/POLUSDT_UMCBL
bitget_futures,Bitget Futures,PUMPUSDT_UMCBL,PUMP,USDT,0.024,25256300.63092057,0.0,0.003,https://www.bitget.com/mix/usdt/PUMPUSDT_UMCBL
bitget_futures,Bitget Futures,RAYUSDT_UMCBL,RAY,USDT,0.014,24624862.77041609,0.0,3.562,https://www.bitget.com/mix/usdt/RAYUSDT_UMCBL
bitget_futures,Bitget Futures,SEIUSDT_UMCBL,SEI,USDT,0.01,84634649.90554404,0.0,0.32,https://www.bitget.com/mix/usdt/SEIUSDT_UMCBL
bitget_futures,Bitget Futures,SHIBPERP_CMCBL,SHIB,PERP,0.01,0.0,0.0,0.0,https://www.bitget.com/mix/usdt/SHIBPERP_CMCBL
bitget_futures,Bitget Futures,SHIBUSDT_UMCBL,SHIB,USDT,0.011,34111608.979694374,0.0,0.0,https://www.bitget.com/mix/usdt/SHIBUSDT_UMCBL
bitget_futures,Bitget Futures,SOLPERP_CMCBL,SOL,PERP,0.01,0.0,0.0,201.97,https://www.bitget.com/mix/usdt/SOLPERP_CMCBL
bitget_futures,Bitget Futures,SOLUSD_DMCBL,SOL,USD,0.01,215445771.54647997,0.0,201.896,https://www.bitget.com/mix/usd/SOLUSD_DMCBL
bitget_futures,Bitget Futures,SOLUSDT_UMCBL,SOL,USDT,0.01,1337256415.118615,0.0,202.099,https://www.bitget.com/mix/usdt/SOLUSDT_UMCBL
bitget_futures,Bitget Futures,SUIPERP_CMCBL,SUI,PERP,0.01,0.0,0.0,3.739,https://www.bitget.com/mix/usdt/SUIPERP_CMCBL
bitget_futures,Bitget Futures,SUIUSD_DMCBL,SUI,USD,0.01,11136138.658920001,0.0,3.739,https://www.bitget.com/mix/usd/SUIUSD_DMCBL
bitget_futures,Bitget Futures,SUIUSDT_UMCBL,SUI,USDT,0.01,360071296.56689197,0.0,3.739,https://www.bitget.com/mix/usdt/SUIUSDT_UMCBL
bitget_futures,Bitget Futures,TONPERP_CMCBL,TON,PERP,0.01,0.0,0.0,3.357,https://www.bitget.com/mix/usdt/TONPERP_CMCBL
bitget_futures,Bitget Futures,TONUSDT_UMCBL,TON,USDT,0.022,45185089.5127681,0.0,3.36,https://www.bitget.com/mix/usdt/TONUSDT_UMCBL
bitget_futures,Bitget Futures,TRUMPPERP_CMCBL,TRUMP,PERP,0.005,0.0,0.0,8.822,https://www.bitget.com/mix/usdt/TRUMPPERP_CMCBL
bitget_futures,Bitget Futures,TRUMPUSDT_UMCBL,TRUMP,USDT,0.005,70448530.77730899,0.0,8.859,https://www.bitget.com/mix/usdt/TRUMPUSDT_UMCBL
bitget_futures,Bitget Futures,TRXPERP_CMCBL,TRX,PERP,0.01,0.0,0.0,0.361,https://www.bitget.com/mix/usdt/TRXPERP_CMCBL
bitget_futures,Bitget Futures,TRXUSD_DMCBL,TRX,USD,0.01,10446959.2032,0.0,0.362,https://www.bitget.com/mix/usd/TRXUSD_DMCBL
bitget_futures,Bitget Futures,TRXUSDT_UMCBL,TRX,USDT,0.01,53365837.18930265,0.0,0.362,https://www.bitget.com/mix/usdt/TRXUSDT_UMCBL
bitget_futures,Bitget Futures,UNIPERP_CMCBL,UNI,PERP,0.01,0.0,0.0,11.164,https://www.bitget.com/mix/usdt/UNIPERP_CMCBL
bitget_futures,Bitget Futures,UNIUSD_DMCBL,UNI,USD,0.039,2785059.406,0.0,11.191,https://www.bitget.com/mix/usd/UNIUSD_DMCBL
bitget_futures,Bitget Futures,UNIUSDT_UMCBL,UNI,USDT,0.01,49443127.736935094,0.0,11.2,https://www.bitget.com/mix/usdt/UNIUSDT_UMCBL
bitget_futures,Bitget Futures,USDCUSDT_UMCBL,USDC,USDT,-0.003,4883475.822350976,0.0,0.999,https://www.bitget.com/mix/usdt/USDCUSDT_UMCBL
bitget_futures,Bitget Futures,XLMPERP_CMCBL,XLM,PERP,0.01,0.0,0.0,0.411,https://www.bitget.com/mix/usdt/XLMPERP_CMCBL
bitget_futures,Bitget Futures,XLMUSD_DMCBL,XLM,USD,0.019,4742244.81764,0.0,0.411,https://www.bitget.com/mix/usd/XLMUSD_DMCBL
bitget_futures,Bitget Futures,XLMUSDT_UMCBL,XLM,USDT,0.01,84475402.79461884,0.0,0.411,https://www.bitget.com/mix/usdt/XLMUSDT_UMCBL
bitget_futures,Bitget Futures,XRPPERP_CMCBL,XRP,PERP,0.01,0.0,0.0,3.039,https://www.bitget.com/mix/usdt/XRPPERP_CMCBL
bitget_futures,Bitget Futures,XRPUSD_DMCBL,XRP,USD,0.01,444091168.08884996,0.0,3.041,https://www.bitget.com/mix/usd/XRPUSD_DMCBL
bitget_futures,Bitget Futures,XRPUSDT_UMCBL,XRP,USDT,0.01,1504520713.1303523,0.0,3.04,https://www.bitget.com/mix/usdt/XRPUSDT_UMCBL
coinw_futures,CoinW (Futures),AAVE/USDT,AAVE,USDT,0.01,56585560.6459,710191.8,353.05,https://www.coinw.com/frontswap/swaptrade
coinw_futures,CoinW (Futures),ADA/USDT,ADA,USDT,0.01,73364803.9099,505057040.0,0.913,https://www.coinw.com/frontswap/swaptrade
coinw_futures,CoinW (Futures),APT/USDT,APT,USDT,0.01,25267063.5804,13645480.0,4.718,https://www.coinw.com/frontswap/swaptrade
coinw_futures,CoinW (Futures),ARB/USDT,ARB,USDT,0.01,31613211.6019,461489929.0,0.586,https://www.coinw.com/frontswap/swaptrade
coinw_futures,CoinW (Futures),ATOM/USDT,ATOM,USDT,0.01,9521657.6329,5581449.0,4.842,https://www.coinw.com/frontswap/swaptrade
coinw_futures,CoinW (Futures),AVAX/USDT,AVAX,USDT,0.01,41529512.4639,8168730.0,25.941,https://www.coinw.com/frontswap/swaptrade
coinw_futures,CoinW (Futures),BCH/USDT,BCH,USDT,0.01,81903787.9021,145038.43,585.35,https://www.coinw.com/frontswap/swaptrade
coinw_futures,CoinW (Futures),BNB/USDT,BNB,USDT,0.016,176573622.9353,402356.08,888.44,https://www.coinw.com/frontswap/swaptrade
coinw_futures,CoinW (Futures),BTC/USDC,BTC,USDC,0.01,249800542.6454,9807.3,115265.4,https://www.coinw.com/frontswap/swaptrade
coinw_futures,CoinW (Futures),BTC/USDT,BTC,USDT,0.01,5798041063.2698,110544.221,115256.2,https://www.coinw.com/frontswap/swaptrade
coinw_futures,CoinW (Futures),CAKE/USDT,CAKE,USDT,0.01,5923771.9322,5126459.0,2.753,https://www.coinw.com/frontswap/swaptrade
coinw_futures,CoinW (Futures),DOGE/USDT,DOGE,USDT,0.01,147909437.6888,3208201170.0,0.236,https://www.coinw.com/frontswap/swaptrade
coinw_futures,CoinW (Futures),DOT/USDT,DOT,USDT,0.01,23288880.6944,21486244.0,4.136,https://www.coinw.com/frontswap/swaptrade
coinw_futures,CoinW (Futures),ENA/USDT,ENA,USDT,0.01,90724189.4838,519522320.0,0.742,https://www.coinw.com/frontswap/swaptrade
coinw_futures,CoinW (Futures),ETC/USDT,ETC,USDT,0.01,17054229.9411,5099261.9,23.816,https://www.coinw.com/frontswap/swaptrade
coinw_futures,CoinW (Futures),ETH/USDC,ETH,USDC,0.01,465561890.1043,823593.73,4709.83,https://www.coinw.com/frontswap/swaptrade
coinw_futures,CoinW (Futures),ETH/USDT,ETH,USDT,0.01,7584137619.2395,8574111.04,4704.88,https://www.coinw.com/frontswap/swaptrade
coinw_futures,CoinW (Futures),HBAR/USDT,HBAR,USDT,0.01,26822013.4832,378513300.0,0.249,https://www.coinw.com/frontswap/swaptrade
coinw_futures,CoinW (Futures),HYPE/USDT,HYPE,USDT,0.01,25655713.0605,1782864.0,43.546,https://www.coinw.com/frontswap/swaptrade
coinw_futures,CoinW (Futures),ICP/USDT,ICP,USDT,0.01,6914974.4329,3464717.3,5.383,https://www.coinw.com/frontswap/swaptrade
coinw_futures,CoinW (Futures),JUP/USDT,JUP,USDT,0.01,9676574.4869,52727073.0,0.518,https://www.coinw.com/frontswap/swaptrade
coinw_futures,CoinW (Futures),LINK/USDT,LINK,USDT,0.01,80245127.8554,19659413.2,25.644,https://www.coinw.com/frontswap/swaptrade
coinw_futures,CoinW (Futures),LTC/USDT,LTC,USDT,0.01,125523496.8077,1670457.8,121.05,https://www.coinw.com/frontswap/swaptrade
coinw_futures,CoinW (Futures),NEAR/USDT,NEAR,USDT,0.01,32354446.7028,43910534.0,2.674,https://www.coinw.com/frontswap/swaptrade
coinw_futures,CoinW (Futures),OKB/USDT,OKB,USDT,0.01,1023368.04,476564.6,204.51,https://www.coinw.com/frontswap/swaptrade
coinw_futures,CoinW (Futures),OP/USDT,OP,USDT,0.01,9792962.4106,62531165.0,0.782,https://www.coinw.com/frontswap/swaptrade
coinw_futures,CoinW (Futures),PI/USDT,PI,USDT,0.01,506933.13,21036268.0,0.359,https://www.coinw.com/frontswap/swaptrade
coinw_futures,CoinW (Futures),PUMP/USDT,PUMP,USDT,0.08,22726140.6782,32382827000.0,0.003,https://www.coinw.com/frontswap/swaptrade
coinw_futures,CoinW (Futures),SEI/USDT,SEI,USDT,0.01,33451244.5961,431051030.0,0.32,https://www.coinw.com/frontswap/swaptrade
coinw_futures,CoinW (Futures),SOL/USDT,SOL,USDT,0.01,678270362.6022,16725019.6,201.88,https://www.coinw.com/frontswap/swaptrade
coinw_futures,CoinW (Futures),SUI/USDT,SUI,USDT,0.01,90456813.3783,109441018.0,3.736,https://www.coinw.com/frontswap/swaptrade
coinw_futures,CoinW (Futures),TON/USDT,TON,USDT,0.01,23427657.2724,11475985.0,3.358,https://www.coinw.com/frontswap/swaptrade
coinw_futures,CoinW (Futures),TRUMP/USDT,TRUMP,USDT,0.01,36941595.7658,13923472.0,8.854,https://www.coinw.com/frontswap/swaptrade
coinw_futures,CoinW (Futures),TRX/USDT,TRX,USDT,0.01,86764732.4964,303680300.0,0.362,https://www.coinw.com/frontswap/swaptrade
coinw_futures,CoinW (Futures),UNI/USDT,UNI,USDT,0.01,58970647.6519,9796755.0,11.199,https://www.coinw.com/frontswap/swaptrade
coinw_futures,CoinW (Futures),XLM/USDT,XLM,USDT,0.01,13789329.5587,106854440.0,0.411,https://www.coinw.com/frontswap/swaptrade
coinw_futures,CoinW (Futures),XRP/USDT,XRP,USDT,0.01,354570621.0207,514030340.0,3.037,https://www.coinw.com/frontswap/swaptrade
gate_futures,Gate (Futures),AAVE_USDT,AAVE,USDT,0.01,13651108.08768,176003.0,352.55,https://www.gate.io/futures_trade/USDT/AAVE_USDT
gate_futures,Gate (Futures),ADA_USDT,ADA,USDT,0.01,259214581.6655999,155473440.0,0.911,https://www.gate.io/futures_trade/USDT/ADA_USDT
gate_futures,Gate (Futures),APT_USDT,APT,USDT,0.01,7832918.051257999,1354185.0,4.702,https://www.gate.io/futures_trade/USDT/APT_USDT
gate_futures,Gate (Futures),ARB_USDT,ARB,USDT,0.01,13227419.515,72753950.0,0.586,https://www.gate.io/futures_trade/USDT/ARB_USDT
gate_futures,Gate (Futures),ATOM_USDT,ATOM,USDT,0.01,2306453.5296,304431.0,4.824,https://www.gate.io/futures_trade/USDT/ATOM_USDT
gate_futures,Gate (Futures),AVAX_USDT,AVAX,USDT,0.01,96361511.6816,1824116.0,25.87,https://www.gate.io/futures_trade/USDT/AVAX_USDT
gate_futures,Gate (Futures),BCH_USDT,BCH,USDT,0.01,15149125.2756,56399.0,585.21,https://www.gate.io/futures_trade/USDT/BCH_USDT
gate_futures,Gate (Futures),BNB_USDT,BNB,USDT,0.01,231540617.0959024,46528.0,886.55,https://www.gate.io/futures_trade/USDT/BNB_USDT
gate_futures,Gate (Futures),BONK_USDT,BONK,USDT,0.01,4043349.055999999,304734000000.0,0.0,https://www.gate.io/futures_trade/USDT/BONK_USDT
gate_futures,Gate (Futures),BTC_USD,BTC,USD,0.01,30205740.0,92.0,115168.8,https://www.gate.io/futures_trade/BTC/BTC_USD
gate_futures,Gate (Futures),BTC_USDT,BTC,USDT,0.01,8524592728.93008,72668.0,115244.0,https://www.gate.io/futures_trade/USDT/BTC_USDT
gate_futures,Gate (Futures),CAKE_USDT,CAKE,USDT,0.005,2659412.04456,560382.0,2.749,https://www.gate.io/futures_trade/USDT/CAKE_USDT
gate_futures,Gate (Futures),CRO_USDT,CRO,USDT,0.01,1329507.015604,19603085.0,0.154,https://www.gate.io/futures_trade/USDT/CRO_USDT
gate_futures,Gate (Futures),DOGE_USDT,DOGE,USDT,0.01,880566124.896,2661192760.0,0.236,https://www.gate.io/futures_trade/USDT/DOGE_USDT
gate_futures,Gate (Futures),DOT_USDT,DOT,USDT,0.01,15284544.6228,4012418.0,4.133,https://www.gate.io/futures_trade/USDT/DOT_USDT
gate_futures,Gate (Futures),ENA_USDT,ENA,USDT,0.005,25064133.88099999,138306870.0,0.741,https://www.gate.io/futures_trade/USDT/ENA_USDT
gate_futures,Gate (Futures),ETC_USDT,ETC,USDT,0.01,17039113.8557,1595534.0,23.809,https://www.gate.io/futures_trade/USDT/ETC_USDT
gate_futures,Gate (Futures),ETH_USDT,ETH,USDT,0.01,5020585594.5,3954168.0,4703.25,https://www.gate.io/futures_trade/USDT/ETH_USDT
gate_futures,Gate (Futures),FLOKI_USDT,FLOKI,USDT,0.01,3602756.784956,44832480000.0,0.0,https://www.gate.io/futures_trade/USDT/FLOKI_USDT
gate_futures,Gate (Futures),HBAR_USDT,HBAR,USDT,0.01,6216698.7648,35473890.0,0.249,https://www.gate.io/futures_trade/USDT/HBAR_USDT
gate_futures,Gate (Futures),HYPE_USDT,HYPE,USDT,0.005,8792142.9958,997791.0,43.536,https://www.gate.io/futures_trade/USDT/HYPE_USDT
gate_futures,Gate (Futures),ICP_USDT,ICP,USDT,0.01,2463403.5574284,305952.0,5.367,https://www.gate.io/futures_trade/USDT/ICP_USDT
gate_futures,Gate (Futures),JUP_USDT,JUP,USDT,0.005,1849282.224099999,3486587.0,0.517,https://www.gate.io/futures_trade/USDT/JUP_USDT
gate_futures,Gate (Futures),LINK_USDT,LINK,USDT,0.01,312895163.12,4721515.0,25.612,https://www.gate.io/futures_trade/USDT/LINK_USDT
gate_futures,Gate (Futures),LTC_USDT,LTC,USDT,0.01,39331848.24,247785.0,121.02,https://www.gate.io/futures_trade/USDT/LTC_USDT
gate_futures,Gate (Futures),MNT_USDT,MNT,USDT,0.005,48444.756,74872.0,1.264,https://www.gate.io/futures_trade/USDT/MNT_USDT
gate_futures,Gate (Futures),NEAR_USDT,NEAR,USDT,0.01,6685613.439999999,3867364.0,2.668,https://www.gate.io/futures_trade/USDT/NEAR_USDT
gate_futures,Gate (Futures),OKB_USDT,OKB,USDT,0.085,18909124.083,868439.0,204.94,https://www.gate.io/futures_trade/USDT/OKB_USDT
gate_futures,Gate (Futures),OP_USDT,OP,USDT,0.01,4814099.62,6944780.0,0.78,https://www.gate.io/futures_trade/USDT/OP_USDT
gate_futures,Gate (Futures),PENGU_USDT,PENGU,USDT,0.005,5564130.164,1714327300.0,0.036,https://www.gate.io/futures_trade/USDT/PENGU_USDT
gate_futures,Gate (Futures),PEPE_USDT,PEPE,USDT,0.01,231148283.432,10158970000000.0,0.0,https://www.gate.io/futures_trade/USDT/PEPE_USDT
gate_futures,Gate (Futures),PI_USDT,PI,USDT,0.005,10912446.67402,64212115.0,0.358,https://www.gate.io/futures_trade/USDT/PI_USDT
gate_futures,Gate (Futures),POL_USDT,POL,USDT,0.005,1813209.4344,9574010.0,0.247,https://www.gate.io/futures_trade/USDT/POL_USDT
gate_futures,Gate (Futures),PUMP_USDT,PUMP,USDT,0.005,1178465.75,15815210000.0,0.003,https://www.gate.io/futures_trade/USDT/PUMP_USDT
gate_futures,Gate (Futures),RAY_USDT,RAY,USDT,0.005,1228431.64152,1048216.0,3.558,https://www.gate.io/futures_trade/USDT/RAY_USDT
gate_futures,Gate (Futures),SEI_USDT,SEI,USDT,0.01,4168137.9056,27263300.0,0.318,https://www.gate.io/futures_trade/USDT/SEI_USDT
gate_futures,Gate (Futures),SHIB_USDT,SHIB,USDT,0.01,92224725.96,793978360000.0,0.0,https://www.gate.io/futures_trade/USDT/SHIB_USDT
gate_futures,Gate (Futures),SOL_USDT,SOL,USDT,0.01,1618076289.536,16063079.0,201.74,https://www.gate.io/futures_trade/USDT/SOL_USDT
gate_futures,Gate (Futures),SUI_USDT,SUI,USDT,0.01,266997820.5561599,25084813.0,3.738,https://www.gate.io/futures_trade/USDT/SUI_USDT
gate_futures,Gate (Futures),TON_USDT,TON,USDT,0.005,10985487.1,1475836.0,3.357,https://www.gate.io/futures_trade/USDT/TON_USDT
gate_futures,Gate (Futures),TRUMP_USDT,TRUMP,USDT,0.005,130343324.9976,3033255.0,8.826,https://www.gate.io/futures_trade/USDT/TRUMP_USDT
gate_futures,Gate (Futures),TRX_USDT,TRX,USDT,0.01,24775358.37,85448100.0,0.361,https://www.gate.io/futures_trade/USDT/TRX_USDT
gate_futures,Gate (Futures),UNI_USDT,UNI,USDT,0.01,167324808.5216,2786243.0,11.178,https://www.gate.io/futures_trade/USDT/UNI_USDT
gate_futures,Gate (Futures),USDC_USDT,USDC,USDT,0.01,1294730.54244,89806.0,0.999,https://www.gate.io/futures_trade/USDT/USDC_USDT
gate_futures,Gate (Futures),XLM_USDT,XLM,USDT,0.01,4492885.81596,26935180.0,0.41,https://www.gate.io/futures_trade/USDT/XLM_USDT
gate_futures,Gate (Futures),XRP_USDT,XRP,USDT,0.01,920688715.008,298293600.0,3.036,https://www.gate.io/futures_trade/USDT/XRP_USDT
